category,storage_type,quantity,purchase_temperature_c,moisture_level,perishability_index,household_usage_speed,shelf_life_days,wasted
berries,fridge,4,5.1,0.847,8.02,0.255,6,1
cooked leftovers,fridge,7,2.7,0.618,8.52,0.879,3,0
root vegetables,pantry,1,22.2,0.209,3.31,0.896,9,0
fish (raw),freezer,4,-19.8,0.727,9.67,0.87,7,0
cheese,freezer,2,-18.7,0.318,2.86,0.261,69,1
chicken (raw),fridge,3,5.2,0.633,9.77,0.86,2,0
banana,pantry,1,23.9,0.535,8.23,0.584,3,0
eggs,fridge,3,4.7,0.222,2.33,0.78,23,0
cheese,fridge,2,5.9,0.332,3.37,0.429,20,0
chicken (raw),fridge,5,3.1,0.578,10.0,0.945,2,0
chicken (raw),fridge,3,2.2,0.618,9.54,0.572,2,0
banana,fridge,2,8.4,0.571,7.51,0.54,5,0
leafy greens,fridge,4,2.4,0.766,8.76,0.782,5,0
root vegetables,fridge,3,2.8,0.292,2.55,0.818,19,0
packaged snacks,pantry,4,25.4,0.058,1.0,0.563,54,0
packaged snacks,pantry,3,25.5,0.136,1.0,0.222,40,1
yogurt,fridge,2,6.1,0.755,6.32,0.827,9,0
banana,pantry,5,23.0,0.526,7.84,0.474,3,0
fish (raw),pantry,2,25.8,0.657,9.86,0.204,1,0
yogurt,fridge,4,2.4,0.724,5.56,0.453,9,0
cheese,fridge,2,6.6,0.301,2.88,0.833,21,0
bread,fridge,4,3.2,0.324,7.51,1.0,5,0
bread,fridge,1,2.9,0.244,7.6,0.282,4,0
eggs,pantry,2,23.4,0.203,1.85,0.533,20,0
tomato,fridge,2,1.4,0.716,7.86,0.527,7,1
tomato,pantry,5,25.6,0.759,7.22,0.905,5,0
packaged snacks,freezer,4,-15.3,0.087,1.0,0.252,307,0
bread,fridge,5,4.5,0.358,7.3,0.739,5,0
cheese,fridge,4,3.1,0.391,3.53,0.92,21,0
chicken (raw),fridge,6,6.2,0.613,9.59,0.41,3,1
leafy greens,fridge,4,6.0,0.77,8.37,0.254,4,0
chicken (raw),freezer,1,-16.9,0.657,10.0,0.864,7,0
leafy greens,freezer,4,-18.4,0.844,9.41,0.264,18,1
root vegetables,pantry,3,22.9,0.318,3.05,0.67,11,0
cheese,fridge,1,4.7,0.343,2.08,0.204,20,1
leafy greens,freezer,5,-17.5,0.868,9.66,0.687,17,1
packaged snacks,pantry,3,24.6,0.008,1.17,0.518,27,0
banana,fridge,5,5.7,0.502,8.17,0.732,4,0
cooked leftovers,pantry,4,23.9,0.597,8.91,0.276,2,0
fish (raw),fridge,1,3.5,0.747,9.08,0.345,2,1
tomato,fridge,4,-0.4,0.673,8.21,0.905,7,0
bread,fridge,4,3.0,0.345,7.81,0.859,5,0
cheese,fridge,2,2.6,0.328,3.23,0.495,24,0
yogurt,freezer,1,-17.6,0.741,5.87,0.596,34,0
citrus,pantry,4,26.1,0.396,3.85,0.573,6,0
cheese,fridge,4,5.4,0.387,2.92,0.563,22,0
cooked leftovers,fridge,5,3.6,0.618,7.8,0.663,3,0
bread,fridge,7,6.7,0.217,6.36,0.288,5,1
tomato,fridge,5,4.8,0.648,7.12,0.519,6,0
leafy greens,fridge,4,3.1,0.874,8.73,0.714,7,0
berries,pantry,5,21.3,0.829,9.26,0.161,3,0
tomato,fridge,1,3.4,0.792,6.91,0.789,7,0
rice (cooked),fridge,3,1.5,0.549,6.55,0.37,4,0
citrus,freezer,2,-19.1,0.334,4.42,0.238,50,1
rice (cooked),pantry,2,22.2,0.528,6.76,0.533,2,0
cheese,pantry,1,21.8,0.311,1.84,0.533,11,0
bread,fridge,2,2.5,0.254,7.28,0.249,5,1
milk,fridge,3,1.7,0.934,7.82,0.652,6,0
tomato,fridge,1,2.3,0.722,7.03,0.261,7,1
root vegetables,fridge,3,1.6,0.138,3.5,0.586,23,0
packaged snacks,pantry,5,22.6,0.0,2.02,0.602,63,0
rice (cooked),fridge,6,1.3,0.554,6.72,0.578,4,0
banana,fridge,4,3.9,0.64,8.45,0.762,5,0
packaged snacks,pantry,3,20.3,0.044,1.5,0.577,38,1
fish (raw),freezer,1,-19.9,0.684,10.0,0.515,7,0
eggs,pantry,2,22.4,0.212,2.14,0.42,11,0
bread,fridge,3,5.8,0.166,7.2,0.95,4,0
milk,fridge,4,6.9,0.902,8.88,0.525,6,0
berries,fridge,4,4.4,0.801,9.17,0.201,5,1
apple,fridge,1,3.4,0.421,3.98,0.254,18,0
root vegetables,fridge,5,3.7,0.245,2.99,0.375,24,0
berries,freezer,4,-18.8,0.78,9.02,0.557,17,0
leafy greens,pantry,2,26.1,0.839,8.36,0.506,3,0
apple,pantry,1,25.2,0.476,4.68,0.21,9,1
tomato,fridge,4,4.6,0.688,7.04,0.844,7,0
cheese,fridge,3,4.3,0.394,3.25,0.0,14,0
rice (cooked),pantry,6,21.3,0.514,7.69,0.754,2,0
banana,fridge,5,5.4,0.552,7.86,0.581,5,0
cheese,fridge,6,5.1,0.369,3.32,0.642,25,0
citrus,freezer,3,-16.8,0.406,4.07,0.874,50,0
banana,freezer,4,-17.4,0.488,8.72,0.893,17,0
chicken (raw),freezer,4,-17.4,0.681,8.95,0.515,7,0
eggs,pantry,4,24.5,0.172,2.4,0.812,13,0
milk,freezer,3,-17.3,0.838,7.9,0.858,25,0
milk,fridge,1,3.3,0.957,7.68,0.351,6,1
milk,freezer,1,-19.7,0.889,7.2,0.509,26,1
bread,fridge,3,4.6,0.303,7.06,0.551,5,0
berries,freezer,4,-19.0,0.861,9.79,0.473,18,0
chicken (raw),freezer,4,-16.0,0.692,10.0,0.875,7,0
rice (cooked),fridge,1,4.0,0.513,6.88,0.243,4,1
berries,pantry,4,22.6,0.766,9.69,0.388,3,0
rice (cooked),fridge,1,4.0,0.585,7.24,0.617,4,0
packaged snacks,pantry,2,23.2,0.05,1.74,0.744,46,0
chicken (raw),fridge,1,7.7,0.74,9.79,0.542,2,0
tomato,pantry,4,21.9,0.707,7.18,0.828,4,0
fish (raw),fridge,2,3.8,0.777,10.0,0.785,2,0
root vegetables,fridge,3,3.3,0.271,2.95,0.912,27,0
berries,pantry,2,21.9,0.667,8.31,0.34,4,1
banana,fridge,4,4.8,0.586,7.71,0.495,5,0
packaged snacks,pantry,3,23.9,0.128,1.64,0.123,50,1
cooked leftovers,fridge,3,6.3,0.56,9.15,0.92,4,0
citrus,fridge,4,3.3,0.398,3.94,0.576,16,0
packaged snacks,fridge,4,6.4,0.068,1.0,0.548,93,1
leafy greens,freezer,5,-17.7,0.828,8.8,0.104,17,1
cheese,fridge,2,0.3,0.3,3.62,0.278,23,1
cheese,freezer,3,-18.3,0.369,2.26,0.918,70,0
root vegetables,fridge,4,5.1,0.156,2.46,0.235,23,0
apple,fridge,1,4.7,0.424,3.48,0.542,19,0
citrus,pantry,4,23.5,0.496,4.23,0.31,9,0
root vegetables,fridge,6,2.3,0.316,3.62,0.57,22,1
yogurt,fridge,1,3.5,0.742,5.12,0.186,9,0
chicken (raw),fridge,5,3.2,0.673,9.06,0.816,2,0
banana,pantry,5,24.0,0.55,8.26,0.618,4,0
eggs,pantry,3,22.7,0.22,2.7,0.831,18,0
cooked leftovers,fridge,4,4.4,0.596,8.78,0.84,2,0
berries,pantry,1,25.3,0.785,8.7,0.353,3,1
apple,freezer,5,-15.3,0.468,4.48,0.726,70,0
rice (cooked),fridge,1,4.0,0.437,6.9,0.969,3,0
citrus,pantry,2,23.5,0.439,3.6,0.548,8,0
cheese,freezer,5,-18.5,0.295,3.16,0.585,74,0
root vegetables,fridge,2,4.2,0.253,3.27,0.342,22,0
fish (raw),freezer,3,-19.9,0.563,9.88,0.593,7,0
yogurt,fridge,7,2.3,0.85,5.52,0.125,12,0
eggs,fridge,4,4.6,0.122,1.64,0.24,31,0
cooked leftovers,freezer,3,-19.7,0.553,8.68,0.274,11,1
banana,pantry,1,21.1,0.551,8.51,0.589,3,0
banana,pantry,6,19.5,0.597,7.51,0.36,3,0
milk,freezer,2,-16.3,0.963,7.29,0.223,25,1
bread,fridge,3,4.1,0.266,7.27,0.603,5,0
tomato,pantry,1,24.7,0.583,7.8,0.56,3,0
banana,pantry,5,20.4,0.599,8.0,0.542,2,0
cooked leftovers,fridge,3,3.0,0.575,9.64,0.303,3,1
banana,fridge,1,3.8,0.64,8.6,0.801,5,0
packaged snacks,pantry,4,23.2,0.073,1.0,0.512,33,0
cheese,fridge,1,3.2,0.362,2.93,0.213,17,0
leafy greens,fridge,1,3.3,0.969,8.13,0.56,4,0
root vegetables,fridge,4,3.3,0.263,3.51,0.209,18,0
eggs,fridge,2,2.0,0.252,1.3,0.213,28,1
leafy greens,pantry,3,23.0,0.839,8.28,0.823,2,0
bread,pantry,2,21.0,0.334,6.61,0.507,3,0
packaged snacks,pantry,3,23.9,0.135,2.13,0.776,43,0
eggs,fridge,4,5.3,0.154,3.4,0.571,34,0
packaged snacks,pantry,5,25.2,0.09,1.05,0.734,53,0
cheese,fridge,3,3.5,0.257,2.84,0.529,21,0
tomato,fridge,4,4.7,0.7,7.02,0.597,7,0
fish (raw),fridge,3,3.6,0.595,10.0,0.189,2,1
eggs,fridge,4,2.3,0.221,2.29,0.912,26,0
cooked leftovers,fridge,1,0.9,0.602,8.44,0.866,3,0
chicken (raw),fridge,2,3.0,0.642,10.0,0.922,2,0
berries,fridge,1,3.7,0.834,8.81,0.466,5,0
rice (cooked),fridge,1,6.7,0.621,6.19,0.557,5,0
cheese,fridge,2,2.4,0.36,2.22,0.831,18,0
eggs,fridge,2,3.3,0.146,1.72,0.252,30,1
yogurt,pantry,2,23.7,0.711,6.25,0.622,2,0
chicken (raw),fridge,4,5.5,0.554,10.0,0.822,2,0
fish (raw),freezer,4,-20.0,0.78,9.98,0.223,7,0
chicken (raw),fridge,3,2.7,0.75,10.0,0.466,2,0
chicken (raw),fridge,2,4.2,0.618,9.86,0.82,2,0
eggs,fridge,2,4.2,0.285,1.33,0.562,33,0
cheese,fridge,3,3.6,0.311,2.86,0.266,22,1
tomato,fridge,1,4.5,0.695,6.73,0.568,6,0
fish (raw),pantry,4,22.9,0.644,10.0,0.504,1,0
leafy greens,fridge,4,2.8,0.856,8.97,0.215,5,1
root vegetables,fridge,2,4.2,0.287,2.77,0.684,23,0
chicken (raw),freezer,1,-17.0,0.675,10.0,1.0,7,0
milk,freezer,3,-18.7,0.809,7.7,0.538,25,0
citrus,pantry,2,22.7,0.383,3.3,0.848,7,0
leafy greens,fridge,5,2.6,0.87,9.19,0.264,5,1
cheese,fridge,4,4.1,0.389,3.44,0.83,19,0
root vegetables,freezer,1,-19.6,0.21,3.11,0.884,76,0
leafy greens,fridge,3,4.3,0.889,9.28,0.513,5,0
rice (cooked),pantry,4,23.1,0.667,6.81,0.543,2,0
root vegetables,freezer,2,-19.1,0.215,2.53,0.491,73,0
berries,pantry,2,23.9,0.817,8.6,0.291,2,1
tomato,pantry,3,24.9,0.841,6.15,0.873,4,0
cheese,freezer,2,-17.2,0.38,2.81,0.551,71,0
rice (cooked),fridge,2,4.8,0.586,6.53,0.851,3,0
citrus,fridge,5,3.2,0.391,4.05,0.619,13,1
leafy greens,freezer,7,-18.0,0.851,8.95,1.0,18,0
berries,fridge,1,2.4,0.736,9.79,0.187,5,0
apple,pantry,1,20.9,0.497,4.25,0.846,8,0
packaged snacks,pantry,3,22.9,0.084,1.0,0.084,61,0
milk,fridge,3,4.7,0.939,8.3,0.614,6,0
milk,pantry,4,21.1,0.994,7.73,0.599,4,1
eggs,fridge,2,4.7,0.257,2.6,0.214,37,0
eggs,fridge,5,2.7,0.062,1.78,0.946,31,0
berries,freezer,3,-18.4,0.82,10.0,0.586,18,0
chicken (raw),fridge,1,4.3,0.7,9.55,0.856,2,1
tomato,pantry,1,24.3,0.774,6.9,0.238,5,0
leafy greens,fridge,5,5.1,0.883,9.31,0.36,6,0
cheese,fridge,1,7.8,0.424,3.56,0.833,23,0
yogurt,fridge,6,3.5,0.628,6.25,0.137,11,1
yogurt,freezer,3,-20.9,0.785,5.17,0.591,35,0
yogurt,freezer,1,-17.6,0.715,5.57,0.212,35,0
milk,fridge,5,1.8,0.955,8.68,0.857,8,0
bread,fridge,1,3.1,0.299,7.91,0.533,4,0
eggs,freezer,5,-19.5,0.214,2.5,0.818,107,0
berries,pantry,5,22.2,0.78,9.27,0.758,2,0
leafy greens,fridge,3,2.8,0.828,9.66,0.186,5,1
apple,freezer,4,-17.7,0.488,3.86,0.609,73,1
rice (cooked),fridge,3,4.0,0.591,6.65,0.212,4,1
tomato,fridge,5,4.4,0.75,7.24,0.865,6,0
milk,fridge,3,4.0,0.972,8.28,0.724,7,0
leafy greens,fridge,2,3.9,0.831,9.54,0.238,5,1
fish (raw),fridge,4,4.9,0.732,10.0,0.429,2,0
root vegetables,fridge,3,3.8,0.228,1.96,0.275,25,1
root vegetables,fridge,3,5.7,0.203,3.1,0.563,23,0
packaged snacks,pantry,5,21.8,0.002,1.63,0.349,60,1
leafy greens,pantry,5,26.2,0.873,9.36,0.244,2,1
chicken (raw),fridge,1,2.7,0.6,9.9,0.508,2,0
cheese,fridge,4,4.0,0.397,2.61,0.945,20,0
cheese,freezer,4,-18.1,0.355,2.51,0.835,77,0
rice (cooked),fridge,3,3.9,0.502,6.52,0.176,4,0
chicken (raw),freezer,1,-19.2,0.649,9.71,0.581,7,0
chicken (raw),fridge,2,1.9,0.629,10.0,0.651,2,0
milk,fridge,2,3.6,0.918,8.78,0.32,8,0
apple,fridge,2,1.4,0.438,4.64,0.348,21,1
apple,freezer,1,-17.8,0.47,3.57,0.265,76,1
leafy greens,pantry,1,23.5,0.844,8.97,0.54,3,0
rice (cooked),fridge,2,4.2,0.602,6.46,0.524,4,0
yogurt,freezer,7,-19.9,0.692,5.35,0.492,34,0
milk,fridge,1,5.7,0.952,7.77,0.822,8,0
cheese,fridge,1,2.2,0.382,3.17,0.213,19,1
tomato,fridge,5,3.0,0.609,7.88,0.589,7,0
milk,fridge,1,6.3,0.867,8.25,0.546,7,0
yogurt,freezer,4,-15.8,0.745,5.61,0.505,35,0
rice (cooked),fridge,2,2.5,0.507,7.05,0.824,3,0
banana,fridge,3,4.0,0.523,7.27,0.178,5,1
apple,pantry,2,25.9,0.367,5.25,0.542,9,0
banana,fridge,3,5.8,0.554,7.92,0.807,4,0
banana,fridge,2,6.1,0.618,8.12,0.488,5,0
yogurt,freezer,4,-19.2,0.903,5.46,0.475,33,0
chicken (raw),pantry,2,21.0,0.623,9.58,0.25,1,1
leafy greens,pantry,2,23.2,0.83,8.83,0.165,2,1
berries,fridge,3,5.2,0.772,8.3,0.466,6,0
tomato,pantry,1,25.8,0.7,5.88,0.779,5,0
packaged snacks,pantry,3,21.1,0.018,1.0,0.911,46,0
eggs,pantry,2,21.9,0.063,1.12,0.852,21,0
citrus,pantry,2,25.4,0.421,4.36,0.401,7,0
root vegetables,fridge,3,4.2,0.259,3.98,0.949,21,0
fish (raw),fridge,8,5.5,0.697,9.98,0.836,2,0
bread,freezer,3,-18.7,0.311,7.79,0.516,17,0
chicken (raw),freezer,7,-16.8,0.633,10.0,0.825,7,0
apple,pantry,7,24.5,0.422,3.68,0.551,10,0
apple,pantry,2,23.4,0.445,4.29,0.543,13,0
apple,freezer,2,-16.1,0.444,3.56,0.612,75,1
berries,fridge,3,2.6,0.796,8.77,0.564,5,1
apple,fridge,2,3.6,0.45,4.13,0.44,23,0
banana,fridge,1,4.0,0.464,7.37,0.813,4,0
rice (cooked),fridge,3,2.3,0.505,7.08,0.771,4,0
chicken (raw),freezer,2,-17.1,0.599,9.74,0.259,7,0
chicken (raw),fridge,2,4.4,0.711,10.0,0.792,2,0
apple,fridge,7,5.0,0.477,4.12,0.771,19,0
chicken (raw),freezer,2,-17.2,0.749,9.91,0.576,7,0
leafy greens,freezer,3,-17.6,0.864,8.55,0.448,19,0
fish (raw),fridge,4,4.8,0.728,10.0,0.598,2,0
bread,fridge,1,1.4,0.343,7.09,0.8,4,0
rice (cooked),fridge,2,1.9,0.501,6.64,0.167,4,1
root vegetables,freezer,4,-18.3,0.301,2.79,0.872,73,0
packaged snacks,pantry,1,23.1,0.047,1.35,0.635,55,1
tomato,pantry,1,23.1,0.617,6.08,0.546,3,0
cheese,fridge,5,3.3,0.425,2.46,0.79,18,0
citrus,fridge,4,4.5,0.358,3.33,0.874,16,0
leafy greens,fridge,3,2.7,0.833,9.05,0.847,5,0
rice (cooked),freezer,1,-18.5,0.541,6.81,0.496,14,0
cooked leftovers,fridge,3,5.2,0.572,9.65,0.535,3,0
milk,freezer,2,-18.9,0.931,8.22,0.616,25,0
yogurt,freezer,4,-17.2,0.774,6.35,0.61,35,0
tomato,pantry,1,24.2,0.62,6.84,0.591,5,0
fish (raw),freezer,2,-18.4,0.701,9.98,0.884,7,0
yogurt,freezer,3,-16.9,0.834,6.39,0.855,36,0
bread,pantry,1,21.8,0.283,5.65,0.562,2,0
bread,fridge,5,2.6,0.324,6.36,0.549,4,0
bread,pantry,1,22.6,0.252,6.86,0.503,3,0
milk,freezer,4,-18.8,0.823,7.74,0.532,25,0
tomato,pantry,7,23.6,0.741,6.64,0.108,4,1
eggs,pantry,2,23.1,0.206,2.47,0.482,15,1
cooked leftovers,pantry,6,23.6,0.626,9.94,0.23,1,1
rice (cooked),fridge,3,4.1,0.531,7.55,0.599,4,1
berries,pantry,4,25.2,0.758,9.12,0.584,2,1
banana,pantry,5,25.1,0.597,7.23,0.551,3,0
berries,fridge,4,5.5,0.866,9.44,0.53,4,0
banana,fridge,6,5.5,0.604,7.88,0.888,5,0
cooked leftovers,pantry,5,20.9,0.569,9.54,0.799,2,0
cheese,fridge,5,2.6,0.428,3.19,0.456,22,0
banana,fridge,4,5.3,0.509,8.09,0.197,6,1
cheese,fridge,2,5.6,0.265,3.46,0.9,22,0
bread,fridge,2,3.7,0.369,7.84,0.605,6,0
root vegetables,pantry,4,22.1,0.155,3.17,0.572,12,1
yogurt,fridge,3,4.3,0.71,5.73,0.52,10,0
fish (raw),fridge,2,5.5,0.821,9.31,0.905,2,0
cheese,fridge,4,2.9,0.321,2.77,0.831,19,0
cooked leftovers,pantry,8,24.6,0.597,10.0,0.644,1,0
yogurt,pantry,4,20.7,0.833,5.95,0.95,7,0
cooked leftovers,fridge,2,4.9,0.617,8.88,0.52,3,0
yogurt,fridge,2,1.6,0.75,5.45,0.715,11,0
milk,fridge,8,4.9,0.866,8.04,0.844,8,0
berries,fridge,4,5.9,0.761,8.65,0.887,5,0
rice (cooked),freezer,2,-18.2,0.536,7.24,0.604,14,0
banana,fridge,3,4.4,0.552,8.35,0.57,5,0
berries,freezer,1,-13.7,0.781,9.04,0.517,18,0
tomato,pantry,3,20.4,0.732,8.4,0.806,5,0
milk,fridge,2,3.3,0.89,7.36,0.891,8,0
chicken (raw),fridge,2,5.4,0.672,10.0,0.626,2,0
eggs,freezer,2,-18.1,0.106,2.19,0.227,104,1
citrus,pantry,4,22.3,0.376,4.77,0.309,5,1
cheese,freezer,3,-18.3,0.365,3.49,0.829,75,0
banana,fridge,5,5.7,0.513,7.97,0.532,5,0
milk,fridge,4,2.3,0.852,9.07,0.238,7,0
chicken (raw),fridge,3,4.4,0.743,10.0,0.798,2,0
rice (cooked),pantry,5,20.2,0.493,7.01,0.279,1,1
apple,fridge,2,4.8,0.451,3.49,0.572,22,0
eggs,fridge,1,6.1,0.216,2.62,0.532,25,0
banana,freezer,5,-20.1,0.433,7.47,0.443,18,0
chicken (raw),fridge,3,1.6,0.598,9.48,0.533,2,0
berries,freezer,1,-17.7,0.82,9.16,0.551,17,0
packaged snacks,pantry,8,20.8,0.012,1.0,0.491,51,0
berries,pantry,3,22.9,0.865,8.01,0.852,3,0
yogurt,freezer,7,-18.9,0.709,6.65,0.865,34,0
packaged snacks,pantry,2,22.0,0.065,1.16,0.525,53,0
leafy greens,fridge,5,2.3,0.872,9.6,0.833,5,0
banana,fridge,5,4.4,0.595,8.14,0.268,6,1
leafy greens,pantry,4,22.8,0.925,9.48,0.482,2,0
fish (raw),freezer,2,-18.3,0.71,9.39,0.404,7,1
leafy greens,fridge,5,4.1,0.842,8.98,0.543,5,0
yogurt,freezer,2,-17.1,0.769,6.43,0.804,35,0
chicken (raw),fridge,1,2.8,0.646,9.95,0.649,2,0
cheese,freezer,6,-21.9,0.326,2.8,0.519,71,0
chicken (raw),fridge,4,2.9,0.591,10.0,0.196,2,1
berries,fridge,3,5.2,0.679,9.64,0.793,5,0
berries,fridge,2,2.9,0.763,8.68,0.921,5,0
yogurt,fridge,3,2.5,0.801,5.62,0.179,12,1
cheese,freezer,4,-18.3,0.364,2.81,0.952,69,0
milk,fridge,2,3.0,0.872,8.18,0.287,6,0
fish (raw),fridge,8,2.3,0.649,9.95,0.403,2,0
root vegetables,pantry,2,23.1,0.179,4.18,0.999,11,0
apple,fridge,4,2.5,0.514,3.58,0.698,16,1
berries,fridge,6,4.0,0.844,9.56,0.283,6,1
fish (raw),freezer,2,-17.2,0.864,9.4,0.313,7,1
milk,freezer,1,-19.4,0.97,8.61,0.595,25,0
leafy greens,freezer,5,-19.3,0.798,8.62,0.884,17,0
banana,pantry,5,24.5,0.463,8.56,0.517,3,0
leafy greens,fridge,2,3.7,0.786,8.46,0.833,5,0
tomato,fridge,1,6.1,0.573,7.4,0.502,8,0
tomato,freezer,5,-20.4,0.657,7.64,0.499,24,0
cheese,fridge,1,4.0,0.363,4.05,0.853,22,0
tomato,fridge,3,4.9,0.673,6.53,0.819,7,0
leafy greens,pantry,3,23.9,0.761,9.92,0.817,2,0
chicken (raw),fridge,1,5.7,0.646,9.76,0.278,2,1
root vegetables,fridge,1,2.3,0.254,2.27,0.525,19,0
apple,fridge,4,4.5,0.432,3.7,0.509,23,0
packaged snacks,pantry,4,24.3,0.0,1.0,0.901,55,0
packaged snacks,pantry,5,20.6,0.13,1.09,0.461,44,0
cheese,fridge,4,3.0,0.427,2.96,0.602,25,0
bread,fridge,5,5.9,0.316,7.18,0.153,5,1
fish (raw),fridge,2,3.9,0.617,10.0,0.907,2,0
banana,fridge,1,0.8,0.548,7.49,0.948,5,0
milk,freezer,3,-18.4,0.833,8.2,0.877,24,0
apple,freezer,3,-16.5,0.477,3.99,0.912,72,0
leafy greens,freezer,6,-17.6,0.824,9.38,0.58,19,0
banana,fridge,7,2.9,0.502,8.16,0.362,5,1
packaged snacks,pantry,2,21.6,0.08,1.0,0.907,50,0
root vegetables,fridge,2,2.4,0.266,2.93,0.501,20,1
root vegetables,freezer,1,-17.6,0.34,2.25,0.871,74,0
chicken (raw),fridge,2,4.4,0.557,9.52,0.26,2,0
root vegetables,freezer,1,-19.0,0.216,3.18,0.605,74,0
milk,fridge,2,5.0,0.863,8.16,0.895,4,0
rice (cooked),pantry,5,25.5,0.566,7.22,0.56,2,1
tomato,pantry,2,23.8,0.775,6.15,0.53,5,0
cheese,fridge,3,3.5,0.367,3.59,0.563,22,0
cooked leftovers,fridge,3,3.4,0.605,10.0,0.441,2,1
berries,fridge,3,3.9,0.803,9.42,0.427,5,0
root vegetables,fridge,4,4.5,0.19,1.43,0.547,23,0
berries,fridge,4,2.9,0.809,8.88,0.555,5,0
cheese,fridge,7,3.5,0.378,2.65,0.561,20,0
yogurt,pantry,4,23.6,0.79,5.53,0.46,5,0
berries,freezer,4,-16.3,0.815,9.13,0.605,18,0
milk,freezer,2,-17.6,0.936,8.29,0.211,25,1
berries,freezer,1,-15.5,0.843,8.82,0.846,16,0
citrus,fridge,2,5.7,0.384,3.47,0.693,14,0
citrus,fridge,1,5.3,0.441,3.98,0.545,14,0
banana,pantry,3,24.1,0.488,7.47,0.507,2,0
tomato,fridge,3,3.2,0.709,8.43,0.145,6,1
eggs,fridge,3,0.0,0.183,2.33,0.226,28,1
bread,fridge,3,4.1,0.222,6.34,0.543,3,0
tomato,fridge,2,4.5,0.742,6.78,0.318,7,0
rice (cooked),fridge,4,3.1,0.522,6.97,0.54,3,0
apple,pantry,6,22.3,0.416,4.73,0.774,8,0
root vegetables,pantry,1,20.0,0.199,3.6,0.77,9,0
tomato,fridge,1,5.4,0.732,6.63,0.127,7,1
berries,fridge,2,3.0,0.774,8.89,0.556,5,0
yogurt,freezer,3,-14.8,0.755,5.41,0.59,34,0
citrus,freezer,5,-17.6,0.369,3.86,0.773,50,0
apple,fridge,7,3.9,0.481,4.63,0.514,23,0
rice (cooked),fridge,4,4.5,0.496,7.6,0.563,4,0
rice (cooked),pantry,4,24.7,0.61,7.16,0.803,2,0
packaged snacks,freezer,3,-19.4,0.069,1.0,0.848,330,0
bread,fridge,2,2.8,0.296,6.09,0.487,4,0
yogurt,fridge,3,3.3,0.718,6.06,0.619,10,0
yogurt,fridge,3,3.1,0.757,6.28,0.149,8,1
cooked leftovers,fridge,4,3.3,0.641,8.22,0.853,3,0
tomato,fridge,1,3.6,0.665,7.21,0.88,6,0
apple,fridge,1,2.1,0.379,4.84,0.167,19,1
citrus,fridge,5,5.6,0.38,3.48,0.938,16,0
yogurt,fridge,2,5.1,0.711,5.17,0.401,10,1
citrus,fridge,1,2.5,0.348,4.0,0.799,14,0
leafy greens,fridge,1,3.4,0.854,9.02,0.829,4,0
cheese,fridge,6,5.3,0.316,3.61,0.802,21,0
milk,fridge,1,3.7,0.936,8.65,0.271,6,1
banana,fridge,1,4.0,0.575,7.87,0.789,4,0
cooked leftovers,fridge,6,4.1,0.559,9.45,0.606,4,0
yogurt,fridge,3,5.0,0.759,5.29,0.568,11,0
leafy greens,pantry,3,23.0,0.782,8.73,0.049,3,0
cooked leftovers,fridge,8,1.5,0.606,9.79,0.206,3,0
apple,fridge,3,6.4,0.459,3.55,0.544,27,0
milk,pantry,4,26.1,0.891,9.06,0.277,4,0
packaged snacks,pantry,1,23.0,0.056,1.0,0.649,53,0
tomato,freezer,3,-19.8,0.67,6.89,0.147,23,0
yogurt,fridge,3,4.6,0.787,5.73,0.592,11,0
banana,pantry,8,25.0,0.57,8.51,0.488,2,0
cooked leftovers,pantry,2,24.3,0.565,9.39,0.573,3,0
root vegetables,fridge,3,6.1,0.335,3.74,0.287,17,1
milk,freezer,3,-19.5,0.895,7.25,0.591,25,0
yogurt,fridge,2,4.2,0.726,5.78,0.271,9,1
chicken (raw),fridge,3,5.4,0.739,10.0,0.247,2,1
citrus,freezer,4,-19.1,0.36,4.49,0.781,51,0
leafy greens,fridge,5,4.0,0.904,9.38,0.964,4,0
packaged snacks,pantry,2,23.8,0.078,1.19,0.906,61,0
citrus,pantry,2,23.3,0.41,4.06,0.885,6,0
leafy greens,fridge,1,4.4,0.9,8.59,0.546,6,0
cooked leftovers,fridge,3,4.2,0.696,8.84,0.303,3,1
rice (cooked),fridge,3,3.1,0.554,7.45,0.336,4,0
chicken (raw),fridge,1,6.3,0.707,9.37,0.45,2,0
eggs,freezer,4,-17.6,0.231,2.22,0.457,97,0
yogurt,fridge,4,1.6,0.752,5.46,0.593,12,0
citrus,fridge,4,2.2,0.447,3.4,0.41,14,0
tomato,pantry,2,24.5,0.653,6.66,0.457,4,0
banana,fridge,4,5.7,0.515,7.2,0.199,6,1
eggs,freezer,1,-17.1,0.245,2.28,0.482,94,0
cheese,fridge,4,6.2,0.369,3.46,0.594,18,0
yogurt,fridge,3,3.2,0.751,6.71,0.532,9,0
fish (raw),fridge,1,3.2,0.739,10.0,0.815,2,0
rice (cooked),freezer,5,-17.9,0.503,6.74,0.507,15,0
berries,fridge,2,4.1,0.871,9.41,0.239,5,0
fish (raw),fridge,6,3.7,0.698,9.64,0.559,2,0
yogurt,fridge,3,2.2,0.747,6.84,0.889,11,0
packaged snacks,pantry,3,23.4,0.075,1.0,0.196,54,1
cooked leftovers,fridge,3,2.2,0.594,9.1,0.278,3,0
packaged snacks,pantry,1,23.6,0.075,1.75,0.905,51,0
chicken (raw),freezer,4,-17.9,0.659,10.0,0.968,7,0
packaged snacks,pantry,3,22.9,0.0,1.0,0.352,42,1
chicken (raw),fridge,2,3.8,0.645,10.0,0.816,2,0
tomato,pantry,4,24.5,0.611,7.34,0.881,4,0
root vegetables,fridge,3,4.9,0.229,2.07,0.738,17,0
packaged snacks,pantry,1,24.2,0.08,1.0,0.562,46,0
cooked leftovers,freezer,6,-18.4,0.614,9.5,0.527,11,0
cheese,fridge,5,4.3,0.392,2.73,0.787,24,0
fish (raw),fridge,3,3.6,0.772,10.0,0.63,2,0
tomato,fridge,3,4.3,0.751,7.22,0.144,7,1
milk,fridge,3,3.3,0.952,8.24,0.43,7,0
eggs,pantry,2,19.8,0.202,2.69,0.725,17,0
citrus,fridge,4,5.7,0.429,4.33,0.873,14,0
berries,freezer,3,-17.6,0.758,8.91,0.226,17,1
packaged snacks,pantry,2,25.5,0.045,1.07,0.872,61,0
bread,freezer,2,-18.9,0.286,6.23,0.486,19,0
tomato,pantry,3,24.7,0.701,6.78,0.496,4,0
bread,pantry,1,24.1,0.356,6.84,0.779,3,0
chicken (raw),freezer,1,-17.1,0.694,10.0,0.581,7,0
yogurt,fridge,3,4.2,0.74,5.05,0.565,9,0
chicken (raw),fridge,3,3.7,0.551,10.0,0.584,2,1
bread,freezer,2,-15.8,0.328,6.98,0.231,17,1
citrus,fridge,2,5.7,0.466,4.6,0.807,13,0
bread,pantry,1,23.7,0.401,7.09,0.928,3,0
chicken (raw),freezer,5,-16.1,0.708,10.0,0.234,7,1
leafy greens,fridge,3,3.6,0.909,9.01,0.827,5,0
yogurt,fridge,3,6.6,0.738,6.03,0.839,10,0
tomato,pantry,4,23.2,0.723,6.85,0.913,3,0
cooked leftovers,fridge,2,4.8,0.565,8.88,0.867,3,0
chicken (raw),fridge,2,5.0,0.511,10.0,0.391,2,0
berries,fridge,2,3.1,0.821,8.9,0.221,4,0
tomato,fridge,3,6.9,0.761,6.6,0.546,7,1
packaged snacks,fridge,1,3.4,0.022,1.0,0.845,106,0
leafy greens,fridge,3,3.8,0.826,9.09,0.447,5,0
berries,fridge,6,4.3,0.731,9.11,0.435,5,0
cheese,fridge,5,2.7,0.301,3.51,0.456,18,0
leafy greens,fridge,3,3.0,0.893,7.9,0.529,5,0
chicken (raw),freezer,3,-14.8,0.647,9.33,0.839,7,0
apple,fridge,3,2.2,0.549,3.95,0.627,18,0
banana,fridge,3,4.7,0.632,8.18,0.906,4,0
rice (cooked),fridge,5,0.1,0.653,6.55,0.904,3,0
berries,freezer,2,-17.7,0.736,8.83,0.32,18,1
rice (cooked),pantry,4,21.9,0.522,7.87,0.235,2,1
yogurt,fridge,1,6.2,0.684,5.44,0.62,9,0
chicken (raw),fridge,2,3.6,0.577,10.0,0.862,2,0
packaged snacks,pantry,7,23.0,0.0,1.0,0.706,44,0
rice (cooked),fridge,3,3.6,0.518,6.6,0.778,3,0
root vegetables,freezer,3,-17.9,0.226,3.81,0.721,79,0
banana,pantry,4,25.6,0.562,7.62,0.921,2,0
packaged snacks,pantry,8,25.6,0.038,1.0,0.654,41,0
root vegetables,freezer,2,-18.3,0.247,2.18,0.541,72,0
citrus,pantry,5,23.3,0.438,3.86,0.852,8,0
packaged snacks,pantry,2,24.3,0.017,1.0,0.233,69,1
leafy greens,pantry,4,22.2,0.907,8.98,0.867,2,0
eggs,fridge,4,5.5,0.171,2.11,0.527,26,0
root vegetables,fridge,2,4.6,0.307,2.96,0.541,22,0
leafy greens,fridge,4,6.5,0.899,7.92,0.483,4,0
berries,fridge,5,6.2,0.805,8.72,0.533,6,0
citrus,pantry,3,26.1,0.312,3.83,0.673,8,1
chicken (raw),fridge,3,2.6,0.699,9.31,0.82,3,0
fish (raw),fridge,4,6.2,0.708,9.88,0.233,2,0
root vegetables,fridge,1,2.5,0.309,3.18,0.793,21,0
packaged snacks,pantry,1,25.3,0.041,1.4,0.679,40,0
leafy greens,fridge,1,3.5,0.936,8.5,0.818,5,0
cheese,freezer,3,-17.8,0.261,3.34,0.586,75,1
milk,freezer,3,-18.8,0.921,7.96,0.461,24,0
tomato,fridge,6,5.6,0.652,7.01,0.18,8,0
citrus,freezer,1,-16.0,0.393,4.95,0.264,50,1
cooked leftovers,freezer,1,-16.6,0.543,9.62,0.958,11,0
milk,freezer,1,-16.4,0.939,8.71,0.852,26,0
banana,pantry,3,23.0,0.527,8.73,0.559,3,0
packaged snacks,pantry,2,24.9,0.098,1.0,1.0,57,0
bread,pantry,2,23.4,0.308,6.5,0.833,1,0
banana,freezer,5,-15.4,0.583,7.72,0.258,17,0
citrus,fridge,3,5.3,0.423,5.11,0.511,14,0
citrus,pantry,4,22.0,0.366,4.21,0.325,8,1
yogurt,fridge,2,4.9,0.76,6.55,0.529,7,0
citrus,pantry,3,25.1,0.341,3.43,0.22,9,1
bread,freezer,3,-15.5,0.158,6.52,0.894,17,0
citrus,fridge,3,4.0,0.313,4.23,0.763,12,0
leafy greens,fridge,1,6.2,0.793,8.77,0.738,5,0
cooked leftovers,freezer,2,-17.8,0.621,8.93,0.277,10,1
yogurt,fridge,5,5.8,0.719,5.74,0.6,11,0
leafy greens,fridge,4,4.9,0.819,7.75,0.627,5,0
cheese,freezer,4,-19.6,0.421,3.2,0.825,72,0
citrus,fridge,4,3.7,0.384,4.1,0.851,12,0
cheese,fridge,3,2.6,0.267,3.41,0.535,24,0
fish (raw),freezer,3,-14.3,0.565,9.95,0.238,7,1
bread,pantry,1,20.5,0.4,6.68,0.974,3,0
rice (cooked),pantry,2,22.4,0.537,6.14,0.881,3,0
milk,fridge,1,3.3,0.846,7.86,0.495,7,1
citrus,fridge,2,2.5,0.4,3.75,0.563,16,0
yogurt,freezer,4,-19.7,0.728,6.12,0.688,33,0
eggs,freezer,7,-20.6,0.246,1.95,0.496,93,1
leafy greens,pantry,4,22.8,0.876,9.16,0.592,3,0
cheese,fridge,6,2.2,0.437,3.77,0.452,21,0
root vegetables,freezer,5,-18.0,0.237,2.42,0.658,73,0
packaged snacks,pantry,2,22.0,0.0,1.0,0.515,42,1
eggs,freezer,2,-17.4,0.122,2.76,0.818,100,0
bread,pantry,2,22.4,0.317,6.77,0.846,3,0
packaged snacks,pantry,7,22.8,0.0,2.17,0.47,52,0
tomato,fridge,4,3.2,0.769,6.95,0.364,8,0
leafy greens,fridge,2,5.8,0.944,8.99,1.0,4,0
cheese,fridge,2,6.3,0.354,2.86,0.326,23,1
bread,fridge,2,3.7,0.293,6.39,0.431,5,0
packaged snacks,pantry,1,22.7,0.058,1.0,0.524,60,0
eggs,pantry,4,22.9,0.157,2.05,0.191,13,1
rice (cooked),freezer,2,-17.9,0.666,7.32,0.233,13,0
apple,fridge,1,2.0,0.52,3.29,0.781,24,0
cooked leftovers,fridge,4,4.3,0.53,9.41,0.244,3,0
tomato,fridge,5,3.2,0.718,7.07,0.599,9,0
root vegetables,fridge,2,4.9,0.214,2.9,0.571,22,1
banana,pantry,10,26.6,0.604,8.1,0.474,2,0
yogurt,freezer,1,-19.0,0.689,5.74,0.626,35,0
cooked leftovers,fridge,3,4.1,0.624,8.27,0.439,3,0
packaged snacks,pantry,5,22.1,0.03,1.0,0.508,51,0
tomato,fridge,1,6.2,0.765,7.1,0.555,7,0
packaged snacks,pantry,2,23.8,0.009,1.55,0.82,26,0
chicken (raw),freezer,3,-16.9,0.664,10.0,0.733,7,0
packaged snacks,pantry,6,24.6,0.016,1.31,0.524,52,0
milk,freezer,3,-21.4,0.929,7.83,0.311,24,1
fish (raw),fridge,3,5.3,0.698,9.48,0.547,2,0
eggs,freezer,1,-16.1,0.134,2.28,0.274,98,1
root vegetables,freezer,5,-16.5,0.308,3.09,0.435,75,0
berries,pantry,2,23.8,0.78,8.6,0.52,3,0
fish (raw),fridge,2,3.2,0.865,10.0,0.519,2,1
bread,fridge,3,5.5,0.322,6.78,0.568,6,0
packaged snacks,pantry,1,23.3,0.029,1.17,0.454,57,1
cheese,fridge,5,3.9,0.333,2.76,0.519,21,0
fish (raw),freezer,7,-18.9,0.736,9.55,0.908,7,0
root vegetables,fridge,1,4.8,0.254,2.74,0.553,23,0
cheese,fridge,6,3.4,0.302,2.26,0.537,21,0
apple,fridge,3,2.1,0.477,3.53,0.632,19,1
berries,fridge,3,3.6,0.855,8.53,0.913,4,0
rice (cooked),pantry,1,22.3,0.502,6.95,0.8,2,0
yogurt,freezer,1,-16.2,0.807,5.79,0.593,36,1
root vegetables,fridge,3,4.8,0.284,2.27,0.631,20,0
bread,pantry,4,23.1,0.222,7.27,0.577,2,0
root vegetables,fridge,5,3.7,0.238,3.02,0.873,21,0
yogurt,freezer,3,-19.1,0.736,5.57,0.538,35,0
packaged snacks,pantry,4,19.2,0.0,1.73,0.555,38,1
yogurt,fridge,2,3.8,0.817,6.85,0.236,9,1
chicken (raw),fridge,1,1.2,0.714,9.83,0.243,2,0
berries,fridge,4,2.4,0.807,8.82,0.856,6,0
banana,fridge,5,6.0,0.582,8.34,0.532,4,0
root vegetables,freezer,2,-18.7,0.305,2.92,0.242,73,0
leafy greens,fridge,3,2.0,0.851,9.29,0.486,6,1
bread,pantry,6,22.1,0.162,7.12,0.162,2,1
root vegetables,fridge,5,4.8,0.26,3.1,0.603,24,0
citrus,fridge,2,4.2,0.363,4.59,0.626,12,0
fish (raw),fridge,3,5.7,0.7,8.83,0.51,2,0
berries,fridge,3,3.8,0.852,8.6,0.305,6,1
tomato,fridge,3,3.1,0.668,7.61,0.541,7,0
eggs,fridge,7,4.5,0.223,2.48,0.814,27,0
packaged snacks,pantry,2,19.7,0.022,1.0,0.496,41,0
tomato,fridge,2,4.2,0.748,6.93,0.576,6,0
eggs,pantry,1,22.2,0.274,1.77,0.228,17,0
yogurt,freezer,1,-17.4,0.773,7.56,0.522,35,0
apple,fridge,3,1.9,0.53,4.15,0.597,23,0
chicken (raw),freezer,4,-15.7,0.626,10.0,0.569,7,1
root vegetables,fridge,3,0.1,0.282,2.72,0.549,21,0
packaged snacks,freezer,4,-20.7,0.106,1.0,0.221,327,1
chicken (raw),fridge,4,4.0,0.596,9.8,0.538,2,0
leafy greens,pantry,3,22.9,0.83,9.59,0.346,3,1
tomato,fridge,2,3.8,0.716,6.58,0.622,7,0
fish (raw),fridge,2,5.4,0.698,10.0,0.757,2,0
chicken (raw),fridge,3,5.8,0.54,10.0,0.894,2,0
chicken (raw),fridge,5,4.1,0.662,9.61,1.0,2,0
berries,pantry,3,24.6,0.77,9.01,0.498,2,0
packaged snacks,pantry,5,20.2,0.013,1.0,0.607,37,0
leafy greens,fridge,3,5.8,0.825,9.33,0.673,5,0
cooked leftovers,fridge,5,3.2,0.652,9.74,0.262,2,1
packaged snacks,pantry,1,22.5,0.131,1.0,0.541,38,0
packaged snacks,pantry,1,21.5,0.104,1.0,0.89,56,0
eggs,fridge,1,0.3,0.189,2.43,0.863,24,0
banana,pantry,3,22.6,0.576,8.11,0.649,2,0
tomato,fridge,4,1.8,0.712,6.97,0.774,6,0
apple,fridge,9,3.7,0.441,3.88,0.21,24,0
banana,fridge,2,2.7,0.578,8.49,0.577,6,0
milk,freezer,6,-19.4,0.851,8.36,0.361,25,0
leafy greens,freezer,2,-17.0,0.84,9.58,0.633,18,0
leafy greens,fridge,3,4.4,0.839,9.01,0.878,6,0
bread,fridge,8,4.9,0.362,8.06,0.464,4,0
berries,fridge,1,5.3,0.797,9.53,0.9,5,0
bread,fridge,1,2.8,0.338,6.71,0.147,6,0
chicken (raw),fridge,3,4.9,0.65,9.76,0.835,2,0
bread,fridge,3,5.3,0.354,6.74,0.592,4,0
fish (raw),freezer,3,-19.6,0.676,9.66,0.433,7,0
tomato,pantry,3,23.0,0.661,6.02,0.499,3,0
root vegetables,pantry,1,24.2,0.246,3.26,0.592,11,0
root vegetables,fridge,2,5.9,0.179,3.82,0.573,17,0
cheese,fridge,2,1.7,0.453,2.45,0.961,23,0
root vegetables,freezer,5,-18.4,0.283,3.79,0.49,74,0
tomato,fridge,4,3.9,0.695,6.82,0.693,7,0
milk,freezer,2,-17.6,0.917,8.62,0.794,23,0
packaged snacks,pantry,4,20.5,0.057,1.0,0.147,41,1
milk,freezer,2,-19.4,0.931,8.47,0.888,25,0
banana,fridge,3,3.8,0.481,8.14,0.876,4,0
apple,fridge,1,5.7,0.5,4.19,0.558,22,0
bread,freezer,1,-15.9,0.28,6.52,0.28,18,0
rice (cooked),pantry,4,25.1,0.632,7.35,0.724,3,0
cooked leftovers,fridge,1,2.2,0.59,8.97,0.335,3,1
citrus,fridge,2,4.1,0.335,3.68,0.539,17,0
eggs,pantry,4,20.4,0.236,2.51,0.817,13,0
yogurt,freezer,1,-20.0,0.788,6.13,0.143,34,1
leafy greens,pantry,1,22.0,0.809,8.89,0.477,3,0
eggs,fridge,5,6.3,0.228,2.53,0.877,29,0
fish (raw),fridge,2,4.5,0.649,9.9,0.361,2,0
cooked leftovers,freezer,1,-14.7,0.654,8.98,0.5,10,0
tomato,freezer,3,-19.9,0.666,6.92,0.841,25,0
bread,freezer,3,-19.6,0.333,7.1,0.561,18,0
root vegetables,fridge,6,4.6,0.165,3.25,0.591,21,0
cooked leftovers,pantry,1,23.6,0.545,8.45,0.487,1,1
citrus,pantry,1,23.9,0.332,3.66,0.267,8,1
eggs,pantry,2,22.6,0.179,2.12,0.653,12,0
banana,freezer,2,-19.7,0.615,8.09,0.261,18,1
yogurt,freezer,4,-17.7,0.764,5.22,0.526,37,0
cooked leftovers,fridge,2,8.1,0.631,9.57,0.278,3,1
leafy greens,pantry,4,22.7,0.886,9.42,0.563,4,0
leafy greens,fridge,4,3.6,0.824,8.78,0.294,5,0
eggs,fridge,3,2.1,0.206,2.46,0.587,20,0
milk,freezer,1,-17.0,0.872,8.27,0.167,24,1
banana,fridge,1,6.4,0.614,7.96,0.329,4,1
rice (cooked),freezer,4,-20.7,0.597,6.2,0.497,14,0
fish (raw),fridge,6,6.7,0.804,10.0,0.482,2,0
chicken (raw),fridge,2,6.1,0.642,10.0,0.543,2,1
leafy greens,fridge,2,3.7,0.867,9.09,0.534,5,0
berries,fridge,3,3.0,0.825,8.43,0.863,5,0
milk,fridge,4,1.5,0.95,7.96,0.838,7,0
cooked leftovers,fridge,2,3.4,0.612,9.6,0.934,3,0
leafy greens,fridge,2,2.9,0.841,9.15,0.481,6,1
yogurt,fridge,1,5.1,0.788,6.7,0.814,12,0
yogurt,fridge,2,3.6,0.766,6.37,0.456,9,0
berries,fridge,5,2.8,0.742,9.01,0.393,4,0
berries,fridge,3,3.7,0.805,9.1,0.123,5,1
yogurt,fridge,2,5.0,0.729,5.88,0.865,11,0
milk,fridge,1,2.3,0.902,7.85,0.824,7,0
packaged snacks,pantry,4,20.1,0.0,1.0,0.827,45,0
leafy greens,fridge,3,3.7,0.878,9.32,0.992,5,0
fish (raw),freezer,4,-19.3,0.687,10.0,0.867,7,0
milk,fridge,5,6.0,0.848,7.82,0.787,7,0
cheese,freezer,3,-19.1,0.297,3.23,0.965,69,0
fish (raw),fridge,6,4.4,0.651,9.4,0.836,2,0
packaged snacks,pantry,1,23.8,0.057,1.0,0.246,58,1
tomato,pantry,6,25.7,0.633,6.83,0.554,4,0
leafy greens,pantry,2,22.7,0.891,8.45,0.863,3,0
fish (raw),fridge,3,5.6,0.667,10.0,0.509,2,0
tomato,fridge,3,3.8,0.728,6.77,0.86,6,0
milk,fridge,5,5.0,0.934,7.82,0.821,7,0
leafy greens,fridge,1,2.1,0.925,9.56,0.755,3,0
chicken (raw),fridge,2,5.0,0.72,9.99,0.591,2,0
berries,pantry,3,22.3,0.841,9.32,0.551,2,0
apple,fridge,4,3.3,0.439,4.29,0.637,21,0
tomato,pantry,1,23.1,0.625,8.14,0.342,5,0
fish (raw),fridge,2,2.2,0.733,9.99,0.954,2,0
yogurt,fridge,4,4.0,0.674,5.35,0.85,7,0
banana,freezer,5,-16.7,0.526,8.03,0.869,17,0
apple,pantry,6,23.0,0.428,4.48,0.281,12,1
root vegetables,fridge,5,3.5,0.271,3.82,0.947,22,0
rice (cooked),freezer,6,-18.5,0.588,7.41,0.682,14,0
eggs,fridge,1,6.6,0.178,1.96,0.579,23,0
berries,fridge,1,2.3,0.81,9.35,0.769,4,0
root vegetables,fridge,2,1.5,0.257,2.79,0.306,18,1
milk,fridge,5,0.4,0.92,8.74,0.52,6,0
root vegetables,fridge,4,4.7,0.231,2.43,0.652,20,0
root vegetables,fridge,4,2.5,0.263,2.33,0.885,18,0
apple,fridge,5,3.2,0.538,3.71,0.242,23,0
leafy greens,fridge,3,1.9,0.878,9.81,0.142,4,0
milk,freezer,2,-16.4,0.892,8.29,0.613,25,0
milk,fridge,4,4.0,0.876,7.85,0.735,8,0
chicken (raw),fridge,4,2.2,0.524,9.96,0.631,2,1
leafy greens,freezer,1,-16.7,0.875,8.16,0.76,18,0
chicken (raw),fridge,2,3.9,0.572,10.0,0.873,2,0
apple,pantry,3,21.3,0.532,4.03,0.564,12,0
fish (raw),fridge,3,3.0,0.588,9.5,0.613,2,0
tomato,pantry,1,23.2,0.705,6.44,0.441,3,1
fish (raw),fridge,1,0.2,0.616,10.0,0.236,2,0
tomato,fridge,1,3.1,0.721,7.09,0.587,8,0
milk,fridge,5,5.0,0.902,9.2,0.589,6,0
apple,fridge,4,4.1,0.441,4.43,0.582,19,0
apple,pantry,2,21.9,0.444,4.32,0.914,14,0
eggs,pantry,3,21.6,0.241,1.0,0.516,12,0
packaged snacks,freezer,3,-18.4,0.036,1.94,0.766,297,0
cooked leftovers,pantry,2,22.2,0.532,8.87,0.797,2,0
yogurt,fridge,1,4.6,0.776,5.32,0.583,11,0
packaged snacks,freezer,5,-20.0,0.0,1.0,0.848,319,0
berries,fridge,2,4.1,0.759,8.77,0.479,5,0
tomato,fridge,1,1.3,0.718,7.54,0.567,6,0
chicken (raw),fridge,3,2.4,0.671,10.0,0.628,2,0
leafy greens,fridge,6,4.7,0.806,8.81,0.633,5,0
banana,fridge,6,1.5,0.527,8.52,0.459,5,0
milk,fridge,7,1.9,0.982,9.08,0.63,7,0
chicken (raw),freezer,4,-18.1,0.617,10.0,0.521,7,0
tomato,fridge,3,3.6,0.661,6.39,0.695,7,0
cheese,fridge,1,5.2,0.386,2.92,0.604,23,0
citrus,fridge,3,3.8,0.465,5.62,0.846,12,0
leafy greens,fridge,6,2.9,0.879,9.02,0.536,5,0
fish (raw),fridge,1,5.7,0.691,9.52,0.887,2,0
root vegetables,freezer,3,-17.8,0.248,2.48,0.772,69,0
banana,pantry,2,21.6,0.579,7.94,0.541,2,0
tomato,fridge,5,2.0,0.704,6.6,0.606,8,0
tomato,fridge,4,7.3,0.784,7.35,0.911,7,0
fish (raw),fridge,5,2.7,0.68,10.0,0.531,2,0
yogurt,freezer,3,-18.6,0.757,5.49,0.81,34,1
tomato,fridge,6,0.9,0.62,7.38,0.803,8,0
packaged snacks,pantry,3,21.2,0.093,1.27,0.877,52,0
cheese,fridge,3,8.0,0.273,3.48,0.964,19,0
root vegetables,fridge,3,5.0,0.184,2.1,0.509,18,0
fish (raw),fridge,5,2.5,0.69,9.9,0.768,2,0
cheese,fridge,5,2.3,0.285,2.56,0.222,19,1
yogurt,freezer,9,-18.1,0.678,5.43,0.642,37,0
berries,freezer,1,-18.5,0.882,9.2,0.379,19,1
milk,fridge,3,2.9,0.817,8.33,0.823,7,1
apple,fridge,7,3.1,0.448,4.07,0.732,16,0
packaged snacks,fridge,3,6.8,0.104,1.0,0.53,90,0
apple,pantry,1,23.5,0.397,4.81,0.594,10,0
milk,fridge,6,3.4,0.871,7.82,0.742,6,0
packaged snacks,pantry,1,22.7,0.13,1.0,0.796,75,0
fish (raw),fridge,5,3.1,0.672,10.0,0.521,3,0
milk,fridge,3,3.4,0.769,8.06,0.765,7,0
apple,fridge,1,5.4,0.352,3.88,0.958,23,0
leafy greens,fridge,3,2.4,0.888,8.25,0.804,5,0
fish (raw),fridge,5,4.0,0.68,9.96,0.658,2,0
tomato,fridge,1,5.7,0.749,7.78,0.605,6,1
cooked leftovers,freezer,3,-15.1,0.631,9.11,0.843,11,0
bread,fridge,3,5.8,0.394,7.37,0.814,5,0
milk,fridge,3,4.0,0.882,7.72,0.154,6,1
tomato,fridge,2,5.1,0.735,8.13,0.547,7,0
milk,freezer,4,-18.8,0.873,8.14,0.753,23,1
leafy greens,pantry,3,24.1,0.782,9.68,0.573,2,0
eggs,pantry,1,24.8,0.229,2.52,0.278,23,0
apple,fridge,3,6.6,0.423,4.7,0.201,22,0
cooked leftovers,fridge,1,5.3,0.538,8.89,0.844,3,0
packaged snacks,pantry,2,21.8,0.0,1.41,0.714,63,0
leafy greens,fridge,2,2.2,0.852,8.93,0.677,5,0
eggs,freezer,1,-20.8,0.245,1.18,0.956,99,0
citrus,freezer,2,-19.8,0.485,3.6,0.536,51,0
packaged snacks,pantry,3,22.6,0.0,1.21,0.867,55,0
yogurt,fridge,1,1.5,0.659,5.94,0.382,10,1
eggs,fridge,3,5.5,0.229,2.22,0.851,27,0
cooked leftovers,freezer,6,-18.0,0.533,9.19,0.445,10,0
fish (raw),fridge,1,4.7,0.73,9.99,0.458,2,0
bread,fridge,3,3.8,0.453,6.33,0.237,6,0
banana,fridge,4,3.4,0.554,8.28,0.537,5,0
apple,fridge,3,4.5,0.434,3.72,0.865,22,0
berries,freezer,6,-17.2,0.832,9.06,0.125,17,0
rice (cooked),fridge,1,2.7,0.625,8.03,0.283,4,0
yogurt,fridge,1,2.4,0.713,6.01,0.387,10,1
citrus,pantry,4,25.3,0.373,3.34,0.936,5,0
root vegetables,fridge,4,3.0,0.262,3.22,0.689,26,0
banana,pantry,3,24.3,0.588,7.82,0.283,3,1
banana,fridge,2,5.2,0.54,7.27,0.843,4,0
banana,freezer,2,-16.2,0.527,7.92,0.895,16,0
bread,fridge,6,4.0,0.286,7.33,0.538,6,0
citrus,fridge,1,2.9,0.394,3.66,0.636,12,0
cheese,fridge,5,5.4,0.39,3.15,0.546,19,0
leafy greens,fridge,2,3.7,0.859,9.45,0.74,5,0
eggs,fridge,5,3.7,0.22,2.37,0.549,27,0
cooked leftovers,pantry,3,22.2,0.585,8.2,0.798,2,0
rice (cooked),fridge,1,2.5,0.555,7.63,0.436,5,0
bread,pantry,3,21.9,0.326,6.95,0.163,3,0
yogurt,freezer,3,-17.2,0.71,4.89,0.561,34,1
chicken (raw),freezer,7,-17.8,0.668,9.12,0.51,7,0
citrus,fridge,4,1.4,0.354,3.36,0.463,16,0
apple,fridge,1,2.5,0.439,3.14,0.455,16,0
leafy greens,fridge,5,2.4,0.842,8.64,0.622,4,0
eggs,fridge,4,5.2,0.118,1.33,0.77,28,0
root vegetables,freezer,2,-18.1,0.256,3.12,0.208,72,1
cooked leftovers,freezer,5,-17.7,0.623,8.65,0.313,11,0
root vegetables,fridge,3,1.4,0.291,2.52,0.519,21,0
banana,fridge,1,0.8,0.54,7.77,0.925,5,0
yogurt,freezer,3,-16.7,0.69,5.96,0.287,36,1
berries,fridge,1,3.9,0.755,8.43,0.794,4,0
eggs,pantry,3,22.8,0.139,1.18,0.282,15,1
cheese,freezer,2,-18.0,0.303,2.97,0.568,70,1
tomato,fridge,2,5.5,0.713,6.59,0.536,8,0
milk,fridge,3,5.8,0.783,8.02,0.321,7,1
cooked leftovers,pantry,4,26.0,0.64,8.63,0.281,2,0
chicken (raw),fridge,1,3.3,0.628,9.73,0.198,2,0
fish (raw),freezer,2,-19.3,0.671,9.79,0.523,7,0
cheese,fridge,5,5.5,0.337,3.09,0.508,24,0
eggs,pantry,3,22.4,0.129,2.24,0.338,12,1
eggs,pantry,2,23.6,0.198,1.83,0.525,11,0
milk,freezer,1,-17.2,0.887,8.42,0.544,24,0
milk,fridge,2,3.3,0.98,7.3,0.56,7,0
berries,fridge,5,3.2,0.768,8.89,0.19,4,1
yogurt,fridge,3,6.5,0.752,5.94,0.403,8,1
bread,freezer,2,-16.6,0.232,6.22,0.735,17,0
root vegetables,freezer,6,-16.8,0.296,2.9,0.475,76,0
leafy greens,pantry,3,22.4,0.915,9.07,0.541,3,0
apple,pantry,1,22.5,0.333,4.9,0.772,9,0
rice (cooked),pantry,2,23.9,0.61,7.52,0.194,1,0
tomato,freezer,4,-18.7,0.731,7.86,0.199,25,1
leafy greens,pantry,2,21.8,0.864,8.88,0.344,3,1
bread,freezer,2,-16.4,0.323,8.3,0.271,17,1
leafy greens,fridge,6,3.3,0.834,8.34,0.258,4,1
banana,fridge,2,3.4,0.571,8.02,0.238,5,1
citrus,fridge,3,3.6,0.368,3.86,0.512,16,0
rice (cooked),fridge,2,2.8,0.472,5.99,0.344,5,1
yogurt,fridge,5,5.0,0.723,5.28,0.931,10,0
citrus,pantry,5,22.8,0.38,3.66,0.477,9,0
leafy greens,fridge,3,2.0,0.877,9.14,0.442,5,0
berries,pantry,4,21.9,0.841,7.83,0.524,3,0
bread,fridge,1,5.9,0.326,6.92,0.511,5,1
chicken (raw),fridge,4,5.0,0.608,9.49,0.494,2,0
yogurt,fridge,5,4.9,0.805,5.43,0.232,11,0
cheese,fridge,3,3.5,0.375,3.34,0.926,20,0
leafy greens,fridge,7,5.4,0.842,8.4,0.974,5,0
apple,fridge,1,4.4,0.513,3.58,0.806,24,0
milk,fridge,9,5.2,0.881,7.87,0.795,7,0
cheese,freezer,4,-16.3,0.316,2.77,0.545,75,0
root vegetables,pantry,8,26.0,0.25,3.36,0.62,15,0
banana,pantry,4,24.1,0.642,7.68,0.588,1,0
cheese,freezer,5,-16.5,0.367,3.29,0.482,76,0
cheese,fridge,1,4.3,0.344,2.44,0.412,13,1
bread,fridge,4,1.8,0.234,6.4,0.156,5,0
eggs,pantry,6,22.5,0.106,1.97,0.875,17,0
milk,pantry,1,23.5,0.946,8.33,0.655,4,0
root vegetables,fridge,6,5.4,0.225,2.33,0.979,15,0
cooked leftovers,fridge,3,1.4,0.604,9.03,0.852,3,0
root vegetables,fridge,2,3.2,0.226,2.37,0.511,21,0
fish (raw),fridge,1,2.4,0.654,9.47,0.849,2,0
packaged snacks,pantry,6,22.1,0.103,1.0,0.596,47,0
citrus,freezer,2,-18.7,0.388,4.74,0.864,47,0
leafy greens,fridge,1,7.6,0.846,8.87,0.567,5,0
leafy greens,freezer,2,-17.8,0.816,9.59,0.719,16,0
yogurt,fridge,5,3.7,0.792,5.07,0.786,12,0
fish (raw),freezer,2,-20.6,0.666,10.0,0.327,8,0
banana,pantry,2,23.0,0.511,7.9,0.327,3,1
leafy greens,pantry,7,22.4,0.869,9.87,0.781,3,0
root vegetables,fridge,2,4.5,0.229,3.02,0.447,23,0
banana,fridge,3,3.2,0.575,8.99,0.853,4,0
bread,pantry,1,23.1,0.342,6.88,0.853,2,0
yogurt,freezer,1,-21.9,0.741,5.32,0.779,36,0
cheese,freezer,6,-19.0,0.232,3.52,0.849,75,0
root vegetables,fridge,3,6.8,0.344,3.0,0.588,17,0
cooked leftovers,fridge,3,7.1,0.588,9.34,0.518,3,0
milk,fridge,1,4.6,0.949,7.57,0.838,7,0
apple,fridge,5,5.7,0.451,3.56,0.591,25,0
packaged snacks,pantry,7,25.1,0.051,1.0,0.928,49,0
cheese,fridge,2,3.2,0.358,3.56,0.88,23,0
root vegetables,pantry,1,23.5,0.207,3.2,0.325,9,1
cheese,fridge,3,3.5,0.427,3.15,0.902,24,0
tomato,fridge,2,6.1,0.668,6.64,0.74,7,0
chicken (raw),fridge,6,4.3,0.708,10.0,0.605,2,1
fish (raw),fridge,3,2.7,0.657,9.66,0.88,2,0
yogurt,fridge,1,4.1,0.77,5.58,0.442,9,0
cooked leftovers,freezer,4,-15.5,0.531,8.86,0.497,11,0
rice (cooked),fridge,9,1.9,0.527,6.55,0.786,4,0
tomato,fridge,1,2.0,0.713,7.03,0.273,8,1
rice (cooked),fridge,2,2.9,0.553,7.32,0.829,4,0
rice (cooked),freezer,1,-18.8,0.511,7.22,0.819,13,0
tomato,fridge,4,3.1,0.68,7.05,0.271,6,0
cooked leftovers,fridge,5,5.5,0.615,9.32,0.827,3,0
leafy greens,pantry,1,20.1,0.958,9.16,0.744,3,0
packaged snacks,pantry,4,22.5,0.032,1.0,0.829,35,0
leafy greens,pantry,3,24.0,0.788,9.03,0.578,3,0
bread,pantry,3,24.8,0.275,7.13,0.437,3,0
leafy greens,fridge,1,3.4,0.884,9.45,0.369,5,1
cooked leftovers,fridge,3,3.6,0.58,8.94,0.736,3,0
bread,freezer,1,-19.8,0.269,7.65,0.629,17,0
fish (raw),freezer,2,-22.0,0.638,10.0,0.585,7,0
bread,pantry,3,21.0,0.294,5.74,0.674,2,0
cooked leftovers,fridge,3,3.2,0.604,8.67,0.181,3,1
chicken (raw),fridge,1,4.4,0.606,9.99,0.187,2,0
root vegetables,fridge,4,3.6,0.345,2.52,0.207,18,1
citrus,freezer,7,-17.9,0.326,3.88,0.506,48,0
milk,fridge,3,2.7,0.925,8.52,0.52,6,0
eggs,pantry,6,22.1,0.156,2.11,0.582,15,0
cheese,fridge,6,5.6,0.354,2.16,0.589,21,0
apple,pantry,7,21.0,0.463,4.24,0.886,11,0
bread,fridge,1,4.7,0.185,6.51,0.199,6,0
berries,freezer,2,-14.9,0.757,8.6,0.591,17,0
berries,pantry,7,23.0,0.723,8.11,0.838,4,0
apple,fridge,3,4.6,0.464,4.06,0.454,19,0
tomato,freezer,2,-17.2,0.743,7.19,0.242,25,1
citrus,fridge,1,4.1,0.424,3.95,0.605,14,0
cooked leftovers,fridge,1,6.0,0.574,9.09,0.59,3,0
leafy greens,pantry,4,23.0,0.829,9.39,0.277,2,0
root vegetables,freezer,6,-19.3,0.344,3.05,0.588,75,0
fish (raw),fridge,4,5.1,0.773,9.9,0.807,2,0
berries,fridge,1,2.2,0.783,9.29,0.247,5,1
yogurt,fridge,1,7.8,0.736,6.1,0.786,10,0
apple,fridge,7,5.2,0.482,3.13,0.773,19,0
tomato,freezer,2,-16.5,0.697,7.05,0.515,24,0
yogurt,freezer,2,-19.9,0.735,6.93,0.82,36,0
bread,fridge,3,3.9,0.234,7.62,0.503,4,0
leafy greens,pantry,10,24.7,0.892,8.94,0.463,2,0
bread,pantry,7,22.1,0.262,7.13,0.756,3,0
milk,fridge,2,5.6,0.885,7.88,0.253,7,1
bread,fridge,2,5.4,0.31,6.98,0.87,5,0
cooked leftovers,fridge,1,5.0,0.656,9.93,0.865,3,0
cooked leftovers,fridge,1,6.4,0.545,9.34,0.29,3,0
chicken (raw),freezer,1,-14.5,0.654,10.0,0.57,7,0
tomato,fridge,5,3.0,0.651,7.02,0.844,7,0
citrus,pantry,2,24.6,0.486,4.12,0.57,8,0
packaged snacks,pantry,2,23.3,0.0,1.0,0.581,59,0
packaged snacks,freezer,3,-16.5,0.01,1.0,0.544,322,0
eggs,fridge,4,3.1,0.171,1.58,0.595,32,0
apple,fridge,2,1.4,0.523,4.26,0.457,20,0
yogurt,pantry,6,23.0,0.735,6.22,0.55,4,1
bread,fridge,3,8.2,0.31,6.97,0.45,5,1
tomato,freezer,1,-19.8,0.763,6.75,0.396,25,0
packaged snacks,pantry,3,22.8,0.0,1.1,0.352,61,1
bread,freezer,2,-19.7,0.228,7.14,0.502,17,0
leafy greens,pantry,2,23.2,0.86,8.15,0.322,3,0
rice (cooked),fridge,3,3.5,0.573,6.81,0.227,3,1
root vegetables,pantry,5,24.7,0.358,3.64,0.332,10,0
banana,pantry,5,22.2,0.553,8.55,0.724,3,0
tomato,fridge,1,3.9,0.597,6.83,0.195,7,1
banana,freezer,2,-19.4,0.563,8.13,0.22,17,0
root vegetables,fridge,6,3.1,0.223,2.51,0.854,26,0
rice (cooked),freezer,3,-18.0,0.518,7.29,0.261,14,0
eggs,fridge,4,3.1,0.131,2.65,0.266,28,1
apple,pantry,4,24.6,0.453,3.59,0.857,15,0
citrus,fridge,2,2.1,0.345,3.85,0.57,13,0
leafy greens,fridge,5,2.6,0.78,8.85,0.63,6,0
banana,pantry,3,19.0,0.493,7.94,0.602,3,0
chicken (raw),freezer,5,-16.7,0.632,10.0,0.536,6,0
fish (raw),fridge,2,3.2,0.729,10.0,0.619,2,0
milk,fridge,2,4.2,1.0,8.82,0.237,7,0
yogurt,freezer,3,-19.7,0.809,5.97,0.802,34,0
banana,fridge,5,4.7,0.589,9.14,0.817,5,0
chicken (raw),fridge,4,2.1,0.57,10.0,0.617,2,0
apple,pantry,1,22.9,0.384,4.08,0.647,9,1
fish (raw),freezer,4,-17.3,0.676,10.0,0.578,7,0
bread,pantry,1,23.1,0.387,7.07,0.82,3,0
packaged snacks,fridge,5,2.8,0.055,1.29,0.546,75,0
cheese,fridge,3,3.4,0.322,2.63,0.471,20,0
rice (cooked),fridge,3,3.1,0.524,6.45,0.912,4,0
yogurt,fridge,1,2.6,0.697,6.13,0.715,12,0
fish (raw),fridge,5,6.3,0.731,10.0,0.535,2,0
apple,fridge,5,4.1,0.375,4.0,0.785,21,0
yogurt,fridge,4,4.2,0.711,5.76,0.807,11,0
berries,pantry,2,22.8,0.78,8.53,0.814,3,0
berries,fridge,3,4.1,0.827,8.7,0.916,6,0
fish (raw),freezer,4,-17.0,0.656,10.0,0.587,7,0
packaged snacks,pantry,2,21.7,0.067,1.0,0.421,47,1
bread,fridge,5,4.3,0.271,6.54,0.499,4,0
citrus,fridge,3,3.0,0.44,4.6,0.576,16,0
tomato,pantry,7,22.4,0.78,7.07,0.851,3,0
yogurt,fridge,2,5.8,0.732,6.71,0.685,9,0
root vegetables,pantry,4,24.0,0.265,3.09,0.499,11,0
cooked leftovers,fridge,5,1.1,0.645,9.08,0.563,3,0
packaged snacks,pantry,3,23.7,0.033,1.09,0.828,56,0
milk,pantry,2,21.6,0.927,7.69,0.534,4,0
apple,pantry,1,23.3,0.424,3.78,0.801,13,0
root vegetables,fridge,2,3.6,0.162,2.55,0.597,21,0
citrus,fridge,6,4.2,0.395,3.99,0.826,12,0
tomato,freezer,1,-21.2,0.722,7.05,0.573,25,0
tomato,fridge,1,2.7,0.691,7.43,0.503,9,0
citrus,fridge,6,6.3,0.33,4.24,0.493,12,0
root vegetables,pantry,3,21.6,0.201,2.43,0.438,10,1
cheese,fridge,2,2.0,0.387,3.34,0.538,23,0
milk,fridge,1,5.3,0.875,8.22,0.534,7,0
milk,fridge,5,3.9,1.0,7.66,0.913,6,0
fish (raw),freezer,3,-16.6,0.729,9.97,0.887,7,0
eggs,fridge,2,5.2,0.189,2.27,0.306,33,0
packaged snacks,pantry,5,22.2,0.038,1.13,0.512,61,0
rice (cooked),fridge,4,4.6,0.593,6.99,0.498,4,0
tomato,fridge,1,7.0,0.741,7.56,0.58,7,0
rice (cooked),freezer,3,-16.4,0.553,6.4,0.879,14,0
cooked leftovers,fridge,3,3.6,0.62,9.79,0.947,3,0
yogurt,freezer,5,-14.8,0.788,6.67,0.535,35,1
rice (cooked),fridge,4,1.8,0.578,7.4,0.5,4,0
root vegetables,fridge,4,5.3,0.246,3.81,0.37,26,1
root vegetables,fridge,5,6.0,0.293,2.63,0.113,19,0
berries,freezer,2,-16.9,0.789,8.68,0.546,17,0
yogurt,fridge,3,4.9,0.779,5.89,0.231,12,1
chicken (raw),fridge,1,7.4,0.624,9.49,0.272,2,1
fish (raw),freezer,5,-18.9,0.751,9.16,0.739,7,0
yogurt,fridge,4,2.8,0.751,5.95,0.524,10,0
milk,fridge,3,3.9,0.912,7.59,0.5,6,0
milk,freezer,1,-19.3,0.855,8.57,0.67,23,0
apple,fridge,1,6.8,0.548,3.98,0.146,20,0
bread,pantry,5,20.7,0.397,6.63,0.242,3,1
packaged snacks,pantry,4,20.3,0.021,1.35,0.553,37,0
fish (raw),fridge,2,4.0,0.674,10.0,0.536,2,1
rice (cooked),pantry,4,22.2,0.586,6.7,0.137,3,0
root vegetables,pantry,3,23.2,0.223,2.77,0.448,12,0
cheese,freezer,2,-15.8,0.417,2.66,0.909,72,0
bread,pantry,4,22.1,0.304,7.2,0.607,2,0
eggs,freezer,2,-16.8,0.108,1.86,0.898,100,0
cooked leftovers,fridge,3,4.0,0.572,8.89,0.261,3,1
leafy greens,pantry,1,24.7,0.835,9.52,0.9,3,0
berries,freezer,2,-19.1,0.747,7.94,0.547,19,0
tomato,fridge,3,6.8,0.778,7.14,0.829,8,0
bread,pantry,4,23.7,0.257,6.68,0.508,3,0
berries,fridge,5,3.9,0.821,8.8,0.593,6,0
root vegetables,freezer,4,-19.5,0.238,3.35,0.504,73,0
root vegetables,fridge,2,5.6,0.221,2.77,0.806,23,0
citrus,pantry,3,22.8,0.429,4.3,0.804,8,0
citrus,pantry,1,23.5,0.326,4.24,0.588,7,0
eggs,fridge,5,3.7,0.193,2.35,0.279,31,0
citrus,fridge,9,5.4,0.341,3.98,0.837,13,0
cooked leftovers,fridge,6,4.3,0.581,8.76,0.588,3,0
yogurt,fridge,3,5.3,0.722,6.44,0.871,9,0
apple,freezer,3,-18.6,0.452,3.63,0.542,72,0
chicken (raw),fridge,1,5.7,0.63,9.32,0.269,2,1
root vegetables,pantry,3,22.6,0.363,3.9,0.833,10,0
fish (raw),fridge,4,1.5,0.703,9.45,0.789,2,0
chicken (raw),fridge,2,2.8,0.638,10.0,0.508,2,1
root vegetables,pantry,3,25.1,0.198,2.85,0.868,12,0
root vegetables,fridge,1,6.1,0.168,2.6,0.691,23,0
apple,pantry,3,25.0,0.477,3.77,0.552,6,0
banana,fridge,4,2.6,0.459,8.34,0.403,6,0
packaged snacks,pantry,2,23.8,0.071,1.0,0.776,51,0
apple,fridge,3,5.0,0.454,4.55,0.675,22,0
root vegetables,fridge,1,5.5,0.236,2.53,0.97,27,0
rice (cooked),fridge,5,4.0,0.59,7.33,0.856,4,0
fish (raw),fridge,3,4.2,0.695,10.0,0.558,2,0
yogurt,freezer,1,-19.2,0.723,5.65,0.897,34,0
berries,pantry,3,21.1,0.859,9.0,0.483,2,0
rice (cooked),fridge,2,3.5,0.544,7.52,0.218,4,1
rice (cooked),pantry,3,25.4,0.602,7.53,0.826,3,0
bread,pantry,2,24.5,0.236,6.9,0.195,3,1
cooked leftovers,pantry,2,25.3,0.53,8.83,0.566,1,0
tomato,pantry,6,24.4,0.643,6.66,0.812,3,0
milk,fridge,2,2.3,0.83,8.27,0.728,6,0
yogurt,fridge,2,-0.3,0.803,6.39,0.898,11,0
rice (cooked),fridge,3,4.6,0.591,5.96,0.807,5,0
bread,pantry,4,27.4,0.263,8.05,0.292,3,1
eggs,fridge,1,3.9,0.209,1.06,0.528,24,1
banana,freezer,2,-18.2,0.456,8.34,0.615,18,1
cooked leftovers,fridge,5,0.9,0.54,8.1,0.634,3,0
citrus,fridge,3,5.4,0.363,3.43,0.833,12,0
root vegetables,fridge,2,4.2,0.259,2.48,0.791,24,0
banana,fridge,2,5.8,0.454,8.4,0.877,5,0
citrus,fridge,4,4.8,0.37,4.75,0.775,13,0
bread,fridge,1,2.5,0.211,6.18,0.504,5,0
cheese,freezer,5,-16.8,0.398,2.87,0.55,80,0
chicken (raw),fridge,2,5.2,0.718,9.79,0.209,1,1
yogurt,fridge,4,1.4,0.763,6.11,0.614,11,0
citrus,fridge,3,4.0,0.508,3.63,0.556,13,0
bread,pantry,4,24.6,0.379,7.12,0.519,2,0
bread,freezer,2,-19.3,0.283,6.62,0.476,18,1
banana,fridge,5,2.6,0.611,8.16,0.224,4,1
banana,freezer,1,-16.5,0.56,8.08,0.827,19,0
berries,pantry,2,22.1,0.776,8.74,0.61,3,1
milk,fridge,2,4.0,0.98,7.77,0.573,7,0
fish (raw),fridge,2,7.9,0.674,10.0,0.874,2,0
milk,freezer,1,-18.1,0.918,7.8,0.614,24,0
yogurt,fridge,7,3.4,0.751,6.45,0.26,10,1
cooked leftovers,freezer,1,-20.9,0.528,8.77,0.486,11,0
milk,fridge,3,2.3,0.912,7.05,0.493,8,0
yogurt,fridge,4,7.0,0.737,6.06,0.618,11,0
cheese,fridge,4,5.4,0.398,3.78,0.158,18,0
root vegetables,fridge,4,3.1,0.273,3.1,0.798,21,0
packaged snacks,pantry,4,21.6,0.027,1.96,0.816,51,0
rice (cooked),fridge,5,5.7,0.474,7.17,0.239,4,0
cooked leftovers,fridge,2,5.7,0.693,9.05,0.477,2,1
citrus,fridge,9,4.5,0.507,4.77,0.618,14,0
chicken (raw),fridge,5,4.6,0.647,9.78,0.75,2,0
bread,pantry,8,22.3,0.405,6.63,0.598,3,0
chicken (raw),freezer,1,-17.7,0.713,9.88,0.925,7,0
eggs,fridge,6,0.8,0.263,2.04,0.98,29,0
milk,fridge,1,4.6,0.899,8.69,0.634,8,0
packaged snacks,fridge,2,3.9,0.08,1.13,0.285,98,1
chicken (raw),fridge,4,3.8,0.7,10.0,0.982,2,0
rice (cooked),fridge,6,2.9,0.535,6.84,0.36,4,1
chicken (raw),freezer,3,-13.3,0.562,8.9,0.212,7,1
banana,pantry,2,22.6,0.579,7.9,0.189,3,1
milk,freezer,2,-18.9,0.974,6.81,0.193,24,1
apple,fridge,4,7.2,0.431,4.75,0.179,16,1
rice (cooked),pantry,2,22.5,0.523,7.36,0.531,2,0
tomato,fridge,5,2.0,0.731,7.51,0.307,7,0
cooked leftovers,pantry,4,22.4,0.578,9.09,0.649,2,1
apple,fridge,4,1.9,0.46,4.55,0.802,23,0
packaged snacks,pantry,2,22.9,0.042,1.0,0.456,57,0
tomato,fridge,1,6.9,0.705,7.27,0.508,9,0
leafy greens,freezer,9,-16.8,0.823,8.57,0.597,18,0
chicken (raw),fridge,2,6.1,0.723,9.94,0.542,2,0
yogurt,fridge,3,4.2,0.745,6.59,0.79,10,0
cooked leftovers,pantry,4,23.8,0.691,9.34,0.662,1,0
tomato,freezer,3,-17.4,0.602,7.14,0.751,26,0
rice (cooked),fridge,4,2.4,0.498,6.77,0.569,4,0
berries,fridge,1,3.7,0.854,10.0,0.504,5,0
bread,fridge,1,5.4,0.301,6.51,0.542,6,0
cooked leftovers,pantry,3,23.5,0.624,9.15,0.563,2,0
banana,fridge,1,2.4,0.577,7.12,0.515,5,0
root vegetables,fridge,4,2.8,0.223,3.17,0.551,20,0
rice (cooked),pantry,4,24.1,0.545,7.37,0.224,3,0
root vegetables,pantry,4,26.1,0.265,2.71,0.921,6,0
fish (raw),freezer,2,-18.0,0.685,10.0,0.819,7,0
chicken (raw),fridge,5,1.4,0.563,10.0,0.65,2,0
banana,freezer,4,-15.8,0.58,8.57,0.458,17,0
tomato,fridge,3,3.7,0.722,6.82,0.211,7,1
chicken (raw),fridge,1,2.6,0.687,9.69,0.539,2,0
tomato,fridge,2,4.2,0.61,5.58,0.533,6,1
rice (cooked),pantry,7,24.3,0.551,6.89,0.65,3,0
chicken (raw),fridge,3,4.8,0.617,10.0,0.869,2,0
root vegetables,freezer,5,-16.8,0.219,2.64,0.578,76,0
root vegetables,fridge,3,2.8,0.216,2.86,0.837,18,0
chicken (raw),pantry,2,23.8,0.573,9.88,0.311,1,0
root vegetables,fridge,1,0.9,0.372,2.81,0.191,20,1
yogurt,freezer,6,-17.2,0.705,5.84,0.88,36,0
chicken (raw),freezer,7,-15.3,0.723,9.6,0.569,7,0
milk,fridge,5,1.8,0.929,8.19,0.45,7,0
leafy greens,fridge,3,5.0,0.812,8.39,0.269,4,0
yogurt,freezer,4,-17.8,0.71,5.74,0.426,36,0
chicken (raw),pantry,4,24.3,0.731,10.0,0.943,1,0
leafy greens,fridge,2,5.1,0.893,8.75,0.842,5,0
apple,pantry,4,22.9,0.48,2.98,0.84,14,0
tomato,pantry,2,21.3,0.716,7.37,0.775,5,0
apple,fridge,3,5.5,0.488,5.09,0.53,20,0
eggs,fridge,2,1.7,0.306,2.16,0.736,30,0
rice (cooked),fridge,5,2.3,0.513,7.14,0.467,4,0
fish (raw),fridge,5,2.6,0.707,9.52,0.898,2,0
milk,fridge,2,4.5,1.0,8.6,0.56,6,0
yogurt,fridge,2,5.6,0.784,6.09,0.451,9,0
yogurt,fridge,7,4.4,0.791,5.94,0.927,8,0
citrus,freezer,2,-19.1,0.358,4.95,0.803,48,0
leafy greens,pantry,4,22.9,0.798,8.32,0.526,2,1
milk,freezer,3,-17.2,0.971,7.9,0.63,24,1
cooked leftovers,fridge,2,2.9,0.555,9.41,0.748,3,0
yogurt,fridge,4,6.4,0.799,5.79,0.781,10,0
banana,fridge,1,3.4,0.551,7.78,0.807,5,0
milk,fridge,1,2.6,0.84,7.92,0.842,7,0
rice (cooked),fridge,5,4.7,0.592,7.29,0.684,4,0
rice (cooked),freezer,4,-17.2,0.539,7.24,0.557,14,0
leafy greens,freezer,4,-17.9,0.822,9.94,0.633,17,0
leafy greens,fridge,2,5.3,0.92,9.2,0.208,6,1
chicken (raw),fridge,4,3.5,0.682,10.0,0.687,2,0
apple,pantry,2,23.3,0.41,4.82,0.922,12,0
fish (raw),fridge,6,3.0,0.712,10.0,0.945,2,0
apple,freezer,7,-18.4,0.406,4.36,0.89,74,0
root vegetables,pantry,2,23.9,0.202,3.41,0.374,12,0
root vegetables,pantry,5,22.4,0.288,3.12,0.701,16,0
citrus,pantry,4,22.8,0.378,3.53,0.481,8,0
rice (cooked),fridge,3,1.5,0.569,7.07,0.567,4,0
rice (cooked),fridge,8,3.7,0.608,7.71,0.288,4,1
chicken (raw),fridge,1,1.6,0.684,10.0,0.85,2,0
cheese,freezer,3,-18.0,0.295,1.77,0.832,76,0
banana,fridge,5,3.8,0.624,8.19,0.399,5,0
cheese,fridge,3,4.6,0.292,3.9,0.206,16,0
leafy greens,pantry,3,21.1,0.828,9.06,0.274,2,0
berries,fridge,3,3.2,0.761,9.24,0.567,5,0
apple,fridge,2,1.5,0.404,3.66,0.362,27,1
yogurt,freezer,1,-17.3,0.812,5.97,0.5,32,0
leafy greens,fridge,2,5.2,0.874,8.8,0.885,5,0
chicken (raw),fridge,3,5.4,0.684,9.73,0.828,2,0
tomato,fridge,2,3.1,0.673,6.99,0.961,9,0
citrus,freezer,5,-18.6,0.354,3.55,0.525,48,0
bread,fridge,3,4.3,0.335,7.0,0.237,5,1
cheese,fridge,5,3.9,0.322,3.38,0.273,17,0
berries,fridge,2,5.1,0.753,8.97,0.722,5,0
cooked leftovers,fridge,2,4.4,0.553,9.19,0.651,3,0
banana,fridge,7,4.0,0.597,7.42,0.318,5,1
berries,pantry,2,22.1,0.777,9.14,0.333,3,1
cooked leftovers,fridge,2,3.5,0.625,8.75,0.236,3,1
apple,freezer,3,-19.3,0.319,3.2,0.785,71,0
yogurt,fridge,2,5.0,0.701,5.82,0.547,11,0
citrus,fridge,5,3.9,0.487,3.57,0.206,14,1
tomato,fridge,2,4.4,0.661,7.17,0.527,7,0
yogurt,freezer,5,-15.2,0.715,5.94,0.781,35,0
rice (cooked),fridge,3,5.1,0.572,7.21,0.928,4,0
fish (raw),fridge,4,6.3,0.704,10.0,0.896,2,0
berries,freezer,2,-18.6,0.81,8.02,0.599,18,1
banana,fridge,1,4.2,0.593,7.32,0.81,5,0
yogurt,fridge,6,3.9,0.707,6.14,0.486,9,1
cheese,fridge,5,5.7,0.403,2.86,0.549,25,1
fish (raw),freezer,3,-19.3,0.59,10.0,0.856,7,0
packaged snacks,pantry,5,21.9,0.0,1.1,0.662,71,0
leafy greens,fridge,4,5.3,0.885,9.61,0.62,5,0
eggs,pantry,4,22.8,0.119,2.32,0.296,17,1
cheese,fridge,3,6.1,0.423,3.78,0.941,21,0
citrus,fridge,5,3.8,0.368,4.37,0.22,16,1
fish (raw),fridge,3,2.4,0.766,10.0,0.437,2,0
leafy greens,freezer,4,-18.1,0.892,8.95,0.881,18,0
yogurt,fridge,1,6.4,0.818,5.88,0.266,10,1
root vegetables,fridge,2,4.6,0.281,2.64,0.509,25,0
leafy greens,fridge,1,4.6,0.853,8.89,0.533,5,0
bread,fridge,2,6.7,0.218,7.18,0.568,5,1
rice (cooked),fridge,1,2.7,0.536,6.82,0.169,5,1
cheese,fridge,2,4.3,0.338,3.31,0.499,23,0
eggs,fridge,3,4.2,0.202,2.11,0.437,27,0
cheese,freezer,3,-18.2,0.35,3.21,0.596,78,0
eggs,pantry,4,23.9,0.187,1.68,0.128,19,1
apple,pantry,1,22.4,0.444,4.1,0.695,9,0
milk,fridge,3,4.7,0.927,8.0,0.876,6,0
chicken (raw),freezer,1,-17.8,0.647,10.0,0.824,7,0
cooked leftovers,pantry,2,22.9,0.668,9.58,0.589,2,0
citrus,freezer,3,-19.2,0.3,3.82,0.187,47,1
cooked leftovers,freezer,4,-19.7,0.73,9.25,0.101,11,0
citrus,freezer,1,-18.4,0.393,4.58,0.523,48,0
apple,fridge,1,4.2,0.487,3.92,0.804,22,0
cooked leftovers,fridge,1,3.8,0.606,9.17,0.587,3,1
cheese,freezer,2,-16.5,0.401,3.46,0.824,73,0
leafy greens,fridge,5,2.5,0.858,8.29,0.493,5,0
berries,pantry,4,25.2,0.746,8.84,0.867,2,0
leafy greens,fridge,2,6.2,0.821,9.17,0.286,5,1
apple,fridge,3,2.5,0.38,3.97,0.567,19,1
bread,fridge,3,3.9,0.365,7.44,0.641,5,0
leafy greens,pantry,4,22.0,0.841,8.37,0.132,2,1
packaged snacks,pantry,1,21.6,0.057,1.73,0.345,48,0
rice (cooked),freezer,3,-18.8,0.532,7.16,0.899,14,0
berries,freezer,1,-17.4,0.847,9.44,0.532,17,0
banana,fridge,1,5.8,0.481,7.18,0.197,4,1
rice (cooked),freezer,5,-18.8,0.55,7.51,0.834,15,0
citrus,pantry,4,21.1,0.44,3.62,0.437,8,0
leafy greens,fridge,2,4.0,0.825,9.32,0.759,5,0
tomato,fridge,3,4.3,0.628,7.04,0.307,8,0
apple,fridge,3,6.8,0.369,4.64,0.523,20,0
berries,fridge,3,2.8,0.799,8.28,0.586,6,0
chicken (raw),fridge,3,5.2,0.622,10.0,0.641,2,0
root vegetables,pantry,1,22.0,0.228,4.06,0.202,17,1
citrus,fridge,3,5.5,0.334,4.33,0.611,14,1
fish (raw),freezer,7,-15.2,0.682,9.17,0.997,7,0
apple,fridge,2,3.6,0.395,3.56,0.53,23,0
banana,pantry,7,24.4,0.514,8.31,0.639,2,0
root vegetables,pantry,1,23.6,0.296,2.74,0.464,13,1
banana,fridge,1,3.6,0.613,6.92,0.689,5,0
chicken (raw),fridge,3,3.5,0.654,10.0,0.297,2,1
cheese,pantry,3,20.4,0.316,3.62,0.272,14,1
milk,fridge,5,4.8,0.854,7.84,0.832,7,0
cooked leftovers,pantry,1,22.3,0.591,8.63,0.596,1,0
cooked leftovers,pantry,3,24.8,0.698,9.28,0.463,1,0
leafy greens,fridge,4,5.9,0.876,9.62,0.134,5,1
apple,fridge,1,0.2,0.433,3.62,0.806,19,0
cooked leftovers,fridge,6,5.5,0.655,8.49,0.865,3,0
berries,pantry,2,21.5,0.826,8.6,0.622,4,0
packaged snacks,pantry,5,21.6,0.034,1.21,0.551,50,0
apple,fridge,3,5.9,0.473,4.09,0.458,21,0
rice (cooked),pantry,2,23.1,0.624,7.25,0.402,3,0
yogurt,fridge,2,-0.3,0.796,6.33,0.569,10,0
eggs,pantry,1,23.9,0.141,2.69,0.436,16,0
milk,freezer,1,-16.4,0.906,7.38,0.806,25,0
packaged snacks,pantry,2,19.8,0.19,1.1,0.194,52,1
cooked leftovers,pantry,4,23.7,0.581,8.52,0.589,2,0
packaged snacks,pantry,2,24.0,0.044,1.0,0.598,63,0
chicken (raw),freezer,5,-18.4,0.542,10.0,0.662,6,0
berries,pantry,2,22.4,0.728,10.0,0.941,3,0
citrus,freezer,1,-18.6,0.421,4.51,0.376,49,0
bread,fridge,4,3.9,0.385,6.81,0.846,5,0
chicken (raw),fridge,4,4.1,0.595,9.95,0.835,2,0
yogurt,fridge,4,5.3,0.735,5.95,0.45,10,0
milk,freezer,2,-21.3,0.96,7.59,0.226,26,0
root vegetables,fridge,5,3.5,0.246,3.14,0.578,20,0
packaged snacks,pantry,5,22.7,0.053,1.0,0.306,50,1
chicken (raw),freezer,1,-18.0,0.668,10.0,0.912,7,0
cheese,fridge,3,1.5,0.377,2.68,0.177,19,0
packaged snacks,pantry,3,23.0,0.038,1.14,0.268,32,1
yogurt,fridge,1,4.1,0.776,5.87,0.636,10,1
packaged snacks,pantry,5,22.3,0.0,1.0,0.306,44,1
tomato,pantry,3,24.5,0.606,7.65,0.6,5,0
apple,pantry,1,21.6,0.453,4.8,0.607,17,0
fish (raw),fridge,2,5.1,0.591,10.0,0.637,2,0
berries,freezer,1,-16.7,0.786,9.62,0.753,17,0
cheese,fridge,2,3.0,0.364,3.52,0.219,23,1
rice (cooked),fridge,3,2.1,0.569,6.87,0.739,5,0
packaged snacks,freezer,1,-16.1,0.071,1.04,0.586,314,0
citrus,freezer,1,-18.6,0.411,3.94,0.575,48,0
packaged snacks,pantry,1,22.1,0.083,1.0,0.239,47,1
milk,fridge,4,2.7,1.0,7.67,0.51,7,0
packaged snacks,pantry,1,24.8,0.001,1.64,0.909,50,0
tomato,pantry,7,25.4,0.674,7.79,0.521,3,0
leafy greens,freezer,1,-18.4,0.815,10.0,0.831,17,0
cooked leftovers,fridge,3,5.6,0.652,9.1,0.465,3,0
eggs,fridge,3,7.4,0.172,2.17,0.594,27,0
tomato,fridge,3,5.7,0.763,6.9,0.471,9,0
yogurt,fridge,4,0.2,0.759,5.81,0.502,9,0
berries,fridge,3,2.4,0.781,9.37,0.821,5,0
tomato,fridge,3,5.5,0.625,6.85,0.52,7,0
packaged snacks,pantry,3,25.7,0.071,1.0,0.571,52,0
yogurt,fridge,2,2.7,0.802,6.01,0.564,10,0
packaged snacks,pantry,3,21.1,0.012,1.55,0.891,34,0
chicken (raw),fridge,4,2.3,0.636,10.0,0.265,2,1
banana,fridge,2,3.1,0.665,7.99,0.305,6,1
citrus,fridge,1,3.7,0.382,4.37,0.245,16,0
chicken (raw),fridge,3,1.6,0.669,10.0,0.477,2,0
cheese,fridge,3,5.1,0.408,2.64,0.592,23,0
apple,pantry,6,22.0,0.561,4.38,0.792,10,0
milk,fridge,4,3.7,0.859,8.05,0.497,7,0
yogurt,fridge,1,3.1,0.737,6.21,0.818,9,0
citrus,fridge,3,5.2,0.4,4.19,0.259,12,0
bread,pantry,1,20.6,0.291,6.42,0.645,2,0
berries,freezer,2,-20.1,0.788,9.23,0.557,18,0
root vegetables,freezer,2,-17.9,0.164,2.74,0.86,71,0
tomato,pantry,1,22.1,0.752,7.08,0.243,4,1
apple,pantry,4,25.3,0.387,3.51,0.851,12,0
yogurt,fridge,4,3.2,0.701,6.63,0.342,10,0
berries,freezer,3,-19.3,0.788,9.3,0.182,17,1
eggs,pantry,6,23.0,0.152,2.32,0.288,22,0
fish (raw),fridge,2,4.2,0.844,8.75,0.232,2,1
chicken (raw),fridge,5,7.0,0.637,10.0,0.668,2,0
packaged snacks,pantry,3,24.5,0.016,1.0,0.17,38,1
yogurt,fridge,3,4.0,0.764,6.88,0.801,10,0
cooked leftovers,freezer,4,-16.6,0.617,8.87,0.357,11,1
packaged snacks,pantry,5,25.1,0.128,1.26,0.462,52,0
bread,fridge,2,3.6,0.265,6.28,0.898,5,0
banana,fridge,3,5.9,0.569,7.52,0.547,6,0
milk,fridge,1,4.4,0.853,7.37,0.569,7,0
citrus,pantry,4,21.2,0.382,3.68,0.873,11,0
apple,pantry,5,23.4,0.486,2.79,0.406,13,0
berries,fridge,3,0.8,0.798,8.79,0.885,5,0
apple,pantry,5,24.0,0.405,4.19,0.799,12,0
leafy greens,pantry,3,25.2,0.873,8.54,0.488,1,0
rice (cooked),pantry,2,25.6,0.612,7.87,0.254,2,1
root vegetables,pantry,2,24.4,0.128,2.79,0.636,9,1
berries,fridge,2,2.1,0.891,9.37,0.427,5,0
fish (raw),freezer,4,-17.1,0.622,10.0,0.53,7,0
rice (cooked),fridge,3,5.0,0.506,5.97,0.788,4,0
citrus,pantry,3,24.0,0.421,3.56,0.331,10,1
fish (raw),fridge,4,5.5,0.691,8.82,0.143,2,1
cooked leftovers,fridge,1,5.6,0.53,8.94,0.657,3,0
root vegetables,fridge,6,4.9,0.234,3.24,0.661,26,0
cooked leftovers,freezer,2,-20.5,0.675,8.25,0.236,11,1
cheese,freezer,1,-18.9,0.415,1.99,0.318,75,1
yogurt,freezer,3,-16.6,0.696,6.43,0.924,35,0
citrus,fridge,7,3.3,0.385,4.12,0.918,17,0
milk,fridge,2,3.6,0.939,8.57,0.132,6,0
cooked leftovers,pantry,2,23.0,0.642,9.02,0.837,1,0
eggs,freezer,3,-18.0,0.187,2.7,0.509,98,0
rice (cooked),fridge,7,4.5,0.57,7.05,0.882,5,0
leafy greens,pantry,4,22.6,0.811,8.86,0.293,3,1
leafy greens,pantry,1,24.9,0.818,8.63,0.451,2,1
cheese,fridge,2,6.9,0.383,2.85,0.391,24,1
citrus,fridge,4,2.8,0.41,3.36,0.921,16,0
fish (raw),fridge,4,6.5,0.688,9.62,0.27,2,1
fish (raw),fridge,3,4.8,0.75,10.0,0.299,2,1
citrus,freezer,3,-16.6,0.356,3.62,0.811,50,0
eggs,pantry,2,25.6,0.135,1.9,0.85,14,0
tomato,fridge,5,6.9,0.709,7.27,0.495,6,1
eggs,fridge,1,3.5,0.082,1.45,0.813,29,0
milk,freezer,3,-17.5,0.91,7.82,0.149,25,1
bread,freezer,2,-18.6,0.227,7.43,0.675,18,0
citrus,freezer,6,-17.9,0.381,4.56,0.185,51,1
packaged snacks,pantry,3,25.3,0.025,1.0,0.539,43,0
banana,pantry,1,21.7,0.562,7.92,0.9,3,0
milk,fridge,4,4.3,0.871,7.75,0.897,8,0
root vegetables,fridge,2,5.4,0.229,4.15,0.632,27,0
rice (cooked),fridge,1,3.0,0.421,7.54,0.606,4,0
milk,fridge,3,3.5,0.958,8.3,0.748,5,0
cheese,freezer,1,-18.0,0.325,2.53,0.743,71,0
cheese,freezer,1,-17.4,0.394,3.16,0.286,72,1
berries,fridge,5,3.6,0.752,8.76,0.921,6,0
fish (raw),fridge,4,3.8,0.69,10.0,0.938,2,0
yogurt,fridge,2,3.7,0.759,6.57,0.911,8,0
fish (raw),fridge,3,3.6,0.672,9.71,0.177,2,1
banana,pantry,3,22.6,0.532,7.86,0.845,2,0
cheese,pantry,5,24.5,0.421,3.19,0.502,9,1
citrus,pantry,5,21.4,0.361,3.72,0.537,11,0
rice (cooked),fridge,4,4.2,0.485,5.76,0.892,4,0
banana,freezer,3,-16.3,0.54,7.64,0.301,17,1
banana,fridge,3,6.1,0.47,7.6,0.82,5,0
leafy greens,pantry,3,23.7,0.843,8.4,0.523,3,1
cheese,freezer,1,-17.8,0.38,2.66,0.24,75,0
chicken (raw),fridge,2,3.7,0.629,9.66,0.807,2,0
cheese,freezer,4,-20.0,0.389,2.89,0.876,75,0
cheese,fridge,3,5.2,0.257,3.42,0.837,22,0
rice (cooked),fridge,3,4.6,0.426,6.52,0.854,4,0
eggs,fridge,4,2.5,0.296,2.56,0.756,30,0
leafy greens,fridge,4,3.7,0.923,8.29,0.167,4,1
berries,pantry,6,25.7,0.83,9.61,0.834,2,0
eggs,fridge,1,3.3,0.185,1.67,0.52,28,0
chicken (raw),fridge,1,4.1,0.632,9.75,0.22,2,0
rice (cooked),fridge,1,5.9,0.504,7.14,0.554,4,0
milk,freezer,3,-17.9,0.815,8.32,0.809,23,0
fish (raw),fridge,5,2.4,0.734,9.95,0.777,2,0
milk,fridge,1,3.7,0.925,7.98,0.665,9,1
bread,fridge,2,1.1,0.302,6.74,0.823,6,0
fish (raw),fridge,5,4.1,0.723,9.88,0.186,2,1
cooked leftovers,pantry,4,22.2,0.612,9.45,0.233,2,0
citrus,fridge,2,2.0,0.517,4.01,0.836,14,0
leafy greens,pantry,6,24.4,0.856,8.49,0.409,4,1
berries,fridge,5,5.9,0.76,8.8,0.339,6,1
berries,freezer,3,-17.1,0.812,9.55,0.399,18,0
root vegetables,pantry,1,24.4,0.259,2.9,0.528,13,0
berries,fridge,1,1.5,0.781,8.1,0.318,6,0
packaged snacks,pantry,3,22.5,0.131,1.55,0.139,61,1
leafy greens,fridge,7,5.2,0.815,8.39,0.277,6,0
root vegetables,freezer,1,-19.5,0.239,3.22,0.264,73,1
fish (raw),freezer,2,-18.7,0.703,10.0,0.359,7,0
milk,fridge,2,6.1,0.861,8.33,0.56,6,1
chicken (raw),fridge,3,4.2,0.678,9.94,0.641,2,0
milk,pantry,2,22.1,0.868,7.94,0.806,3,0
citrus,pantry,1,21.5,0.336,4.11,0.51,11,1
yogurt,fridge,2,3.1,0.806,6.4,0.494,12,0
packaged snacks,pantry,1,23.0,0.098,1.23,0.625,56,0
apple,fridge,2,3.9,0.474,4.07,0.201,22,1
milk,fridge,1,4.2,0.886,7.84,0.166,6,1
eggs,fridge,2,4.8,0.192,1.45,0.837,29,0
citrus,fridge,3,4.1,0.426,4.03,0.592,14,0
cooked leftovers,fridge,6,2.8,0.577,8.33,0.503,3,0
milk,fridge,3,3.0,0.892,7.74,0.473,8,0
berries,fridge,5,3.2,0.855,9.4,0.589,5,0
citrus,fridge,2,2.7,0.416,4.1,0.86,16,0
milk,freezer,2,-17.9,0.875,8.8,0.429,25,0
citrus,fridge,3,6.8,0.379,3.91,0.851,14,0
cooked leftovers,freezer,3,-18.5,0.586,8.09,0.586,11,0
fish (raw),fridge,4,4.1,0.705,9.72,0.955,2,0
packaged snacks,pantry,4,20.0,0.047,1.61,0.877,37,0
cooked leftovers,fridge,4,4.6,0.689,9.22,0.692,3,0
milk,fridge,3,5.1,0.868,7.88,0.625,8,0
bread,fridge,4,3.8,0.278,6.57,0.474,5,0
bread,fridge,2,6.5,0.223,8.01,0.366,6,0
packaged snacks,pantry,1,21.7,0.0,1.0,0.76,71,1
tomato,pantry,3,23.3,0.715,7.0,0.809,4,0
bread,freezer,5,-16.3,0.292,7.58,0.444,18,0
leafy greens,fridge,2,2.8,0.777,8.66,0.896,4,0
apple,fridge,6,4.5,0.458,3.14,0.471,21,0
berries,fridge,5,6.6,0.73,8.86,0.6,5,0
cheese,fridge,4,2.4,0.309,3.74,0.842,20,0
berries,fridge,5,5.0,0.881,8.9,0.548,5,0
root vegetables,fridge,4,6.1,0.289,3.04,0.578,17,0
chicken (raw),freezer,1,-18.1,0.684,9.9,0.917,7,0
berries,fridge,3,7.5,0.835,8.77,0.68,4,0
berries,freezer,3,-18.0,0.835,9.32,0.38,17,1
cooked leftovers,fridge,2,2.6,0.599,8.68,0.548,3,0
citrus,fridge,4,4.2,0.507,3.75,0.662,15,0
cooked leftovers,fridge,1,6.7,0.607,9.45,0.805,3,0
root vegetables,fridge,1,2.3,0.289,3.17,0.242,19,0
yogurt,freezer,8,-14.2,0.712,6.11,0.572,35,0
apple,pantry,2,22.7,0.386,3.88,0.159,10,1
apple,pantry,5,23.5,0.451,3.73,0.666,13,0
apple,pantry,6,22.8,0.432,4.25,0.509,8,1
citrus,fridge,6,3.3,0.348,4.0,0.258,14,1
rice (cooked),pantry,1,23.4,0.591,6.66,0.13,2,0
banana,pantry,4,23.0,0.505,7.75,0.407,3,0
citrus,freezer,3,-17.1,0.416,4.63,0.59,49,0
eggs,fridge,1,6.0,0.21,2.01,0.282,30,1
fish (raw),fridge,3,2.1,0.715,9.33,0.183,2,1
rice (cooked),fridge,1,2.0,0.507,7.43,0.214,4,0
apple,fridge,2,1.4,0.39,3.32,0.611,17,0
milk,fridge,4,1.7,0.884,8.07,0.692,7,0
rice (cooked),fridge,1,2.5,0.521,6.71,0.417,4,0
yogurt,fridge,1,4.8,0.697,6.28,0.371,9,0
fish (raw),pantry,3,23.2,0.613,10.0,0.891,1,0
bread,fridge,4,4.6,0.307,6.62,0.097,5,0
banana,pantry,3,23.4,0.554,8.93,0.519,3,0
bread,pantry,2,21.5,0.321,6.5,0.592,2,0
packaged snacks,pantry,3,22.1,0.083,1.44,0.621,66,0
yogurt,fridge,5,2.6,0.689,5.11,0.888,10,0
cheese,fridge,1,3.9,0.27,3.45,0.807,23,0
berries,fridge,4,2.2,0.84,8.61,0.069,5,1
milk,freezer,3,-17.4,0.938,7.64,0.192,24,1
yogurt,fridge,4,3.7,0.803,5.54,0.877,11,0
cooked leftovers,pantry,6,24.4,0.657,9.36,0.313,2,0
berries,pantry,1,23.1,0.673,9.08,0.596,2,0
eggs,fridge,1,3.1,0.207,1.93,0.184,29,1
apple,freezer,5,-16.8,0.48,3.62,0.781,74,0
yogurt,fridge,3,3.3,0.696,5.9,0.85,8,0
berries,fridge,2,5.1,0.749,8.95,0.217,4,1
leafy greens,fridge,7,4.4,0.89,9.09,0.886,5,0
cheese,fridge,2,2.8,0.277,4.1,0.497,24,0
cheese,fridge,7,5.1,0.281,3.15,0.566,24,0
rice (cooked),fridge,3,2.1,0.572,6.79,0.538,4,0
leafy greens,fridge,2,4.2,0.919,9.65,0.631,5,0
chicken (raw),freezer,5,-16.9,0.657,10.0,0.638,7,1
root vegetables,freezer,4,-20.1,0.297,3.69,0.314,77,0
milk,freezer,1,-17.2,0.86,8.74,0.785,25,0
berries,fridge,2,5.7,0.761,9.23,0.354,6,0
chicken (raw),fridge,2,3.0,0.632,9.67,0.849,2,0
citrus,fridge,6,3.7,0.42,4.15,0.501,14,0
banana,fridge,3,3.1,0.592,8.02,0.244,6,1
packaged snacks,pantry,4,24.1,0.031,1.0,0.577,37,0
packaged snacks,pantry,3,23.3,0.021,1.24,0.854,64,0
chicken (raw),fridge,7,5.1,0.536,10.0,0.325,2,1
bread,freezer,3,-20.6,0.401,8.08,0.889,17,0
cheese,freezer,5,-20.2,0.432,2.39,0.464,75,0
packaged snacks,pantry,3,22.0,0.0,1.0,0.286,51,0
eggs,fridge,3,6.6,0.31,1.48,0.415,28,0
tomato,fridge,1,4.1,0.75,7.18,0.599,6,0
cheese,fridge,4,4.5,0.374,3.62,0.994,24,0
cheese,fridge,4,3.8,0.364,2.87,0.981,19,0
milk,fridge,1,4.2,0.908,9.11,0.86,7,0
cheese,fridge,5,4.0,0.284,3.19,0.66,21,0
banana,freezer,2,-17.1,0.592,7.96,0.484,17,0
cooked leftovers,pantry,5,22.9,0.625,8.99,0.872,1,0
banana,pantry,4,23.4,0.573,7.79,0.376,3,1
rice (cooked),pantry,1,23.7,0.455,6.92,0.619,2,0
berries,fridge,8,2.2,0.946,9.5,0.267,5,1
bread,fridge,1,5.9,0.322,6.36,0.586,5,0
berries,fridge,3,4.1,0.692,9.39,0.573,6,0
citrus,pantry,5,23.6,0.369,4.56,0.554,10,0
leafy greens,fridge,4,1.2,0.817,8.22,0.544,5,1
cheese,fridge,5,3.4,0.392,3.16,0.795,20,0
cheese,fridge,2,4.2,0.348,3.46,0.809,19,0
banana,fridge,2,3.7,0.499,8.39,0.701,6,0
cheese,freezer,1,-15.6,0.341,3.16,0.351,76,1
packaged snacks,pantry,6,25.0,0.077,1.0,0.488,47,0
cooked leftovers,pantry,3,25.4,0.585,8.5,0.162,2,1
citrus,freezer,2,-14.0,0.462,4.14,0.851,47,0
chicken (raw),pantry,1,24.4,0.607,10.0,0.218,1,0
banana,pantry,7,20.0,0.541,7.95,0.926,2,0
eggs,fridge,1,4.0,0.15,1.85,0.805,33,0
eggs,fridge,1,2.3,0.193,1.97,0.243,26,0
banana,freezer,4,-19.1,0.657,8.99,0.58,18,0
berries,fridge,2,3.4,0.835,8.82,0.499,4,0
yogurt,fridge,3,3.3,0.779,5.11,0.329,10,1
packaged snacks,freezer,1,-19.8,0.125,1.0,0.348,320,1
chicken (raw),fridge,4,3.9,0.68,10.0,0.751,2,0
citrus,fridge,3,3.5,0.438,5.18,0.056,16,0
citrus,fridge,2,-1.6,0.364,4.0,0.946,15,0
tomato,freezer,2,-19.7,0.689,7.56,0.501,26,0
cheese,fridge,3,2.3,0.377,3.03,0.635,20,0
root vegetables,fridge,2,4.9,0.255,2.45,0.554,24,0
tomato,pantry,2,25.1,0.699,7.11,0.47,5,0
bread,freezer,3,-16.3,0.318,7.34,0.959,16,0
chicken (raw),freezer,3,-15.2,0.674,10.0,0.611,8,0
rice (cooked),pantry,6,25.1,0.494,7.17,0.398,2,0
eggs,freezer,1,-18.4,0.255,2.32,0.868,100,0
apple,freezer,5,-21.9,0.448,4.55,0.618,73,0
apple,fridge,1,5.4,0.437,3.98,0.589,22,0
leafy greens,fridge,1,5.3,0.8,9.44,0.578,6,0
eggs,fridge,3,4.9,0.219,1.83,0.828,24,0
cheese,fridge,2,2.6,0.439,3.57,0.752,24,0
fish (raw),freezer,4,-20.5,0.686,10.0,0.783,7,0
berries,fridge,5,4.2,0.873,9.04,0.795,6,0
leafy greens,pantry,6,26.0,0.872,8.95,0.55,4,0
eggs,fridge,6,2.5,0.197,2.0,0.533,28,0
leafy greens,pantry,2,22.5,0.859,8.95,0.616,3,0
berries,fridge,7,4.7,0.769,9.09,0.932,5,0
chicken (raw),fridge,3,4.2,0.57,10.0,0.822,2,0
packaged snacks,pantry,4,22.7,0.022,1.19,0.454,47,0
packaged snacks,pantry,3,19.4,0.037,1.37,0.554,58,0
bread,freezer,2,-16.8,0.275,6.71,0.148,18,1
berries,pantry,1,19.2,0.845,8.57,0.614,3,1
cheese,pantry,1,24.8,0.366,2.78,0.796,13,0
yogurt,freezer,3,-19.0,0.791,5.48,0.536,35,0
root vegetables,fridge,2,4.5,0.264,2.46,0.758,19,0
banana,pantry,1,22.6,0.561,7.09,0.565,2,0
cheese,fridge,3,4.9,0.399,2.22,0.586,13,0
leafy greens,pantry,3,25.9,0.9,8.8,0.906,2,0
bread,pantry,2,23.1,0.184,6.24,0.157,4,0
packaged snacks,pantry,2,23.9,0.0,1.15,0.17,46,1
berries,fridge,2,3.6,0.818,9.19,0.947,5,0
cheese,fridge,2,5.3,0.245,2.54,0.888,20,0
chicken (raw),fridge,3,3.4,0.585,9.81,0.346,2,0
leafy greens,fridge,1,5.2,0.799,8.84,0.307,6,1
leafy greens,freezer,1,-17.1,0.884,8.67,0.464,17,0
citrus,fridge,6,8.1,0.354,4.22,0.742,13,0
chicken (raw),freezer,1,-16.0,0.645,9.07,0.693,7,0
eggs,freezer,2,-19.7,0.165,2.89,0.568,102,1
leafy greens,pantry,4,23.9,0.916,9.65,0.251,3,1
yogurt,fridge,7,4.7,0.741,5.58,0.836,11,0
leafy greens,pantry,4,21.1,0.919,8.79,0.53,3,0
milk,freezer,6,-16.8,0.888,7.8,0.539,25,0
eggs,pantry,2,24.1,0.151,1.4,0.65,15,0
chicken (raw),freezer,3,-18.8,0.616,9.75,0.641,7,1
rice (cooked),pantry,2,23.7,0.615,6.69,0.867,2,0
bread,fridge,1,6.1,0.36,7.18,0.316,6,1
yogurt,freezer,3,-19.5,0.688,5.85,0.933,35,0
eggs,fridge,2,2.5,0.179,2.0,0.816,26,0
fish (raw),fridge,5,4.3,0.76,10.0,0.848,2,0
rice (cooked),pantry,4,23.4,0.519,7.62,0.1,3,0
root vegetables,fridge,4,0.9,0.252,2.46,0.236,20,1
root vegetables,pantry,2,20.8,0.282,3.21,0.947,13,0
root vegetables,fridge,6,4.6,0.22,2.68,0.818,19,0
rice (cooked),fridge,3,6.2,0.536,6.72,0.577,4,0
cheese,fridge,3,1.9,0.308,2.78,0.501,19,0
chicken (raw),freezer,3,-18.9,0.703,10.0,0.273,7,1
root vegetables,fridge,3,3.2,0.271,3.16,0.876,22,0
apple,fridge,4,1.1,0.478,4.42,0.57,25,0
bread,pantry,4,23.9,0.338,6.72,0.426,3,1
cheese,fridge,4,4.0,0.333,3.06,0.311,21,1
leafy greens,fridge,4,4.7,0.84,9.31,0.875,4,0
tomato,pantry,2,20.8,0.714,6.36,0.65,6,0
fish (raw),fridge,7,7.8,0.634,9.79,0.847,2,0
leafy greens,pantry,2,25.6,0.809,9.32,0.808,3,0
packaged snacks,pantry,1,24.1,0.044,1.0,0.438,36,1
banana,pantry,3,21.2,0.59,7.86,0.329,3,1
cheese,freezer,3,-18.3,0.424,3.68,0.164,74,0
apple,fridge,2,5.7,0.491,3.98,0.553,24,0
milk,fridge,3,6.2,0.878,7.5,0.566,7,0
milk,freezer,5,-17.4,0.956,7.27,0.516,24,0
leafy greens,fridge,1,1.2,0.874,9.3,0.599,4,0
yogurt,fridge,1,4.3,0.831,6.57,0.792,9,0
banana,fridge,7,3.1,0.696,8.25,0.471,5,0
packaged snacks,freezer,2,-16.4,0.0,1.0,0.582,297,0
tomato,fridge,2,5.5,0.788,6.41,0.299,8,1
cheese,fridge,2,4.8,0.311,2.85,0.497,19,0
citrus,freezer,3,-18.8,0.416,3.12,0.492,50,0
rice (cooked),fridge,3,3.5,0.6,7.91,0.336,5,1
cheese,pantry,1,21.3,0.353,3.69,0.873,15,0
yogurt,fridge,3,1.6,0.728,5.38,0.289,11,0
root vegetables,fridge,5,2.0,0.243,3.32,0.277,23,0
packaged snacks,pantry,7,21.1,0.066,1.0,0.423,39,1
bread,fridge,5,1.5,0.257,7.23,0.96,5,0
chicken (raw),freezer,3,-17.0,0.709,9.8,0.748,7,0
tomato,fridge,1,5.6,0.695,7.3,0.593,9,0
tomato,fridge,2,4.7,0.578,6.84,0.185,9,1
eggs,pantry,7,21.6,0.202,2.48,0.171,16,0
banana,fridge,4,4.5,0.461,7.92,0.522,6,0
cheese,fridge,5,2.9,0.259,2.65,0.506,19,0
cooked leftovers,freezer,2,-19.1,0.651,8.98,0.561,10,0
citrus,pantry,1,26.3,0.44,4.43,0.902,10,0
berries,pantry,3,21.1,0.816,8.84,0.586,3,0
eggs,fridge,2,3.5,0.224,2.03,0.739,25,0
milk,fridge,1,2.3,0.957,8.47,0.156,7,0
cooked leftovers,fridge,5,6.4,0.525,9.07,0.829,3,0
rice (cooked),fridge,1,1.0,0.578,7.54,0.653,5,0
cheese,fridge,1,4.0,0.365,2.95,0.872,19,0
bread,fridge,4,4.7,0.297,6.59,0.827,5,0
rice (cooked),fridge,4,5.6,0.552,7.03,0.271,4,1
eggs,freezer,6,-18.7,0.326,2.51,0.218,97,1
yogurt,pantry,2,22.4,0.658,5.49,0.545,7,0
apple,fridge,3,2.2,0.54,4.57,0.657,22,0
tomato,pantry,6,23.9,0.633,8.04,0.642,4,0
rice (cooked),fridge,5,3.9,0.539,7.07,0.524,3,0
berries,pantry,6,24.5,0.814,9.38,0.372,3,0
apple,freezer,7,-21.3,0.501,4.18,0.62,73,0
tomato,pantry,3,24.1,0.654,6.9,0.567,4,0
rice (cooked),fridge,1,5.9,0.517,6.64,0.79,5,0
apple,pantry,2,22.0,0.522,3.38,0.86,11,0
milk,freezer,1,-19.1,0.846,8.13,0.578,24,0
berries,fridge,6,5.9,0.784,9.71,0.624,6,0
tomato,pantry,1,24.2,0.674,6.65,0.814,5,0
yogurt,fridge,3,2.9,0.719,5.54,0.5,8,0
tomato,fridge,4,3.6,0.678,6.71,0.497,6,0
leafy greens,pantry,2,22.6,0.821,9.46,0.285,2,1
tomato,fridge,5,7.2,0.748,7.08,0.125,7,0
berries,fridge,2,4.2,0.842,9.82,0.222,5,0
apple,fridge,2,3.9,0.429,4.33,0.565,23,0
rice (cooked),fridge,6,3.6,0.471,7.05,0.681,3,0
milk,fridge,4,3.2,0.898,7.94,0.81,6,0
bread,fridge,4,4.2,0.299,5.94,0.905,5,0
eggs,fridge,1,4.4,0.221,2.83,0.4,24,0
berries,fridge,1,0.2,0.809,9.3,0.591,5,0
yogurt,fridge,4,3.7,0.764,6.62,0.205,11,0
packaged snacks,pantry,4,25.5,0.0,2.12,0.178,41,0
root vegetables,pantry,4,24.6,0.221,2.89,0.817,10,0
milk,fridge,1,3.4,0.902,7.21,0.617,8,0
rice (cooked),pantry,5,22.4,0.648,7.14,0.595,2,0
tomato,pantry,5,22.5,0.81,7.61,0.804,4,0
rice (cooked),pantry,7,23.2,0.553,7.13,0.846,2,0
bread,pantry,2,24.3,0.276,7.2,0.606,4,0
chicken (raw),freezer,4,-16.6,0.601,9.47,0.478,7,0
leafy greens,pantry,2,23.7,0.88,8.69,0.94,3,0
packaged snacks,pantry,4,23.1,0.075,1.0,0.886,54,0
fish (raw),fridge,1,5.7,0.672,10.0,0.559,2,0
milk,fridge,8,2.8,0.888,7.55,0.326,8,1
leafy greens,pantry,4,24.9,0.931,8.44,0.869,2,0
banana,fridge,1,4.0,0.457,7.64,0.7,5,0
cheese,fridge,2,3.6,0.36,2.97,0.213,20,1
apple,fridge,2,6.9,0.467,3.13,0.155,22,1
chicken (raw),fridge,3,3.4,0.609,9.0,0.258,2,1
apple,freezer,5,-16.9,0.502,4.4,0.665,77,0
bread,fridge,2,3.6,0.32,6.68,0.564,6,0
packaged snacks,pantry,7,23.1,0.04,1.0,0.206,29,0
packaged snacks,pantry,3,22.8,0.0,1.97,0.549,43,1
milk,freezer,1,-17.6,0.887,7.09,0.526,26,0
leafy greens,fridge,2,3.2,0.87,9.08,0.572,5,0
cheese,fridge,6,6.6,0.316,2.2,0.926,21,0
berries,freezer,2,-19.2,0.877,8.46,0.477,18,0
milk,fridge,4,4.9,0.892,7.39,0.643,8,0
yogurt,fridge,2,3.4,0.707,6.58,0.492,11,0
leafy greens,fridge,2,5.2,0.863,8.47,0.281,4,1
tomato,pantry,3,23.3,0.631,6.51,0.793,4,0
milk,freezer,1,-17.6,0.833,7.67,0.722,25,0
eggs,pantry,1,26.6,0.184,2.37,0.061,15,1
apple,freezer,3,-17.3,0.471,4.38,0.859,76,0
bread,pantry,4,24.1,0.353,5.63,0.228,4,1
chicken (raw),fridge,4,4.3,0.597,10.0,0.586,2,0
root vegetables,fridge,6,3.9,0.286,4.09,0.295,18,1
apple,fridge,3,4.1,0.433,4.24,0.301,18,0
milk,fridge,2,4.9,0.893,8.71,0.816,9,0
leafy greens,fridge,7,4.7,0.779,8.78,0.233,5,1
fish (raw),fridge,1,3.8,0.649,9.64,0.524,2,0
yogurt,fridge,2,2.1,0.668,5.82,0.497,10,0
packaged snacks,pantry,6,23.7,0.041,1.15,0.175,28,1
bread,pantry,3,21.8,0.318,6.3,0.69,1,1
banana,fridge,4,2.4,0.592,7.94,0.675,5,0
milk,fridge,1,3.5,0.889,8.41,0.521,8,0
eggs,freezer,9,-17.7,0.144,2.45,0.718,100,0
rice (cooked),pantry,4,23.2,0.572,7.56,0.087,2,1
root vegetables,freezer,4,-18.4,0.137,2.97,0.835,75,0
cheese,freezer,3,-16.5,0.268,2.3,0.528,74,0
banana,fridge,6,5.7,0.642,7.76,0.242,4,1
milk,fridge,4,1.0,0.89,8.15,0.573,6,0
yogurt,pantry,2,22.9,0.743,5.69,0.841,5,0
bread,fridge,1,4.5,0.368,7.25,0.816,5,0
milk,fridge,5,4.5,0.886,8.52,0.185,8,0
rice (cooked),freezer,3,-21.0,0.564,5.9,0.855,13,0
eggs,fridge,3,3.4,0.22,1.92,0.834,26,0
tomato,fridge,1,1.9,0.682,6.6,0.446,7,1
cheese,fridge,3,2.9,0.36,3.49,0.395,20,0
citrus,freezer,5,-16.4,0.346,3.53,0.661,50,1
leafy greens,pantry,4,27.2,0.838,9.55,0.196,3,1
fish (raw),freezer,5,-16.7,0.691,10.0,0.734,7,0
milk,fridge,3,4.0,0.765,7.87,0.801,6,0
rice (cooked),pantry,5,24.4,0.575,7.08,0.685,3,0
fish (raw),freezer,4,-19.8,0.66,9.64,0.47,7,0
banana,fridge,4,2.9,0.561,7.6,0.078,5,1
berries,fridge,2,2.9,0.898,8.73,0.357,5,1
berries,fridge,6,3.1,0.849,9.59,0.924,5,0
leafy greens,freezer,2,-17.3,0.83,8.75,0.253,18,1
berries,fridge,3,6.2,0.845,9.67,0.642,5,0
citrus,fridge,1,2.0,0.426,4.75,0.884,11,0
citrus,fridge,7,5.0,0.425,3.66,0.779,13,0
eggs,fridge,3,7.7,0.23,1.42,0.479,29,0
milk,fridge,3,4.2,0.833,8.0,0.304,8,0
chicken (raw),fridge,1,2.8,0.666,10.0,0.744,2,0
banana,fridge,2,4.8,0.583,7.92,0.795,5,0
cooked leftovers,fridge,6,5.1,0.644,8.84,0.87,3,0
bread,freezer,1,-18.5,0.267,6.66,0.321,16,1
yogurt,freezer,3,-17.7,0.7,5.78,0.455,37,0
yogurt,freezer,2,-17.5,0.689,6.07,0.923,37,0
cooked leftovers,pantry,6,25.0,0.531,8.8,0.874,2,0
eggs,fridge,4,4.3,0.063,2.83,0.53,26,0
apple,fridge,4,4.4,0.47,4.31,0.686,24,0
fish (raw),freezer,4,-18.6,0.575,9.99,0.522,7,1
tomato,fridge,3,1.8,0.623,6.17,0.624,5,0
milk,fridge,4,4.7,0.876,8.08,0.545,8,0
chicken (raw),freezer,1,-19.2,0.679,10.0,0.847,7,0
eggs,fridge,3,3.9,0.235,1.63,0.443,31,0
tomato,fridge,3,3.9,0.667,7.46,0.781,6,0
apple,fridge,5,5.6,0.461,3.78,0.473,17,0
eggs,pantry,1,25.5,0.118,1.4,0.494,14,0
leafy greens,pantry,6,20.1,0.849,8.94,0.556,3,0
cheese,fridge,3,3.2,0.345,3.19,0.781,23,0
tomato,fridge,1,6.8,0.699,7.67,0.228,7,1
milk,fridge,1,7.7,0.914,8.32,0.618,7,0
chicken (raw),fridge,4,4.9,0.6,10.0,0.111,2,1
milk,fridge,1,4.7,0.927,7.91,0.513,7,0
leafy greens,freezer,1,-20.4,0.776,9.29,0.548,17,0
yogurt,freezer,4,-21.0,0.759,6.26,0.545,35,0
chicken (raw),pantry,3,22.5,0.693,9.95,0.248,1,1
banana,fridge,4,3.1,0.529,7.82,0.823,4,0
cooked leftovers,fridge,3,6.1,0.569,8.98,0.422,3,0
tomato,pantry,2,23.2,0.654,7.24,0.787,4,0
tomato,fridge,3,4.1,0.663,7.11,0.772,6,0
cheese,freezer,3,-17.8,0.335,2.61,0.538,73,0
fish (raw),freezer,3,-19.1,0.69,10.0,0.816,7,0
leafy greens,fridge,5,3.7,0.795,8.51,0.553,6,0
cooked leftovers,fridge,2,3.9,0.619,9.87,0.879,3,0
leafy greens,fridge,7,6.6,0.803,9.04,0.813,5,0
cheese,freezer,1,-17.4,0.299,2.99,0.19,73,1
citrus,pantry,4,22.8,0.422,2.8,0.888,9,0
bread,fridge,3,3.1,0.36,7.66,0.171,5,1
citrus,fridge,1,5.4,0.458,4.3,0.53,10,0
tomato,pantry,5,22.1,0.685,7.61,0.521,4,1
apple,fridge,3,5.3,0.389,4.17,0.764,24,0
eggs,fridge,2,2.6,0.305,2.0,0.166,28,1
eggs,fridge,6,3.8,0.181,1.82,0.784,22,0
cooked leftovers,fridge,7,1.8,0.572,9.32,0.211,3,1
citrus,freezer,1,-17.0,0.487,4.02,0.578,49,1
leafy greens,freezer,1,-18.9,0.853,7.98,0.686,17,0
banana,pantry,2,21.6,0.563,8.05,0.187,3,1
chicken (raw),fridge,4,4.9,0.72,9.8,0.213,2,0
milk,freezer,4,-19.0,0.895,7.68,0.324,24,0
bread,fridge,1,2.3,0.321,7.19,0.278,5,1
eggs,fridge,7,2.2,0.198,1.6,0.452,23,0
tomato,fridge,3,5.3,0.703,6.6,0.681,6,0
milk,freezer,4,-17.9,0.944,7.65,0.176,24,1
packaged snacks,pantry,1,20.8,0.0,1.17,0.666,43,0
packaged snacks,pantry,1,23.1,0.105,1.0,0.543,62,1
rice (cooked),pantry,2,21.4,0.513,7.67,0.568,2,0
banana,pantry,1,24.4,0.572,7.7,0.897,3,0
bread,fridge,1,2.9,0.337,6.96,0.569,5,0
cheese,fridge,1,5.1,0.328,3.55,0.903,21,0
milk,fridge,8,3.4,0.991,7.63,0.229,6,0
chicken (raw),fridge,2,4.9,0.707,9.68,0.821,2,0
yogurt,freezer,1,-18.2,0.721,6.1,0.565,35,1
banana,pantry,3,23.1,0.515,8.4,0.845,2,0
fish (raw),fridge,1,7.1,0.698,10.0,0.32,2,0
rice (cooked),freezer,3,-17.8,0.574,7.22,0.52,14,0
bread,fridge,2,5.4,0.309,6.02,0.733,5,0
cooked leftovers,fridge,2,4.5,0.637,8.62,0.787,3,1
chicken (raw),freezer,6,-18.5,0.686,9.98,0.5,7,0
rice (cooked),pantry,3,23.1,0.623,7.57,0.854,2,0
citrus,fridge,4,3.6,0.426,5.12,0.6,16,0
packaged snacks,pantry,3,22.5,0.116,1.0,0.878,44,0
chicken (raw),fridge,3,2.5,0.665,9.94,0.807,2,0
tomato,fridge,3,2.0,0.758,6.53,0.943,8,0
cooked leftovers,pantry,2,21.0,0.546,9.39,0.14,2,1
berries,fridge,1,5.7,0.829,10.0,0.606,5,0
yogurt,freezer,5,-18.2,0.706,6.45,0.815,36,0
milk,fridge,3,4.9,0.905,7.6,0.478,9,0
bread,freezer,4,-18.3,0.282,7.94,0.582,17,0
cheese,freezer,2,-18.4,0.443,2.67,0.892,71,0
bread,freezer,6,-18.2,0.274,7.54,0.602,17,0
yogurt,fridge,2,3.7,0.818,5.94,0.75,10,0
root vegetables,pantry,3,22.1,0.3,2.5,0.555,15,0
citrus,pantry,6,23.4,0.31,4.54,0.776,10,0
packaged snacks,pantry,4,26.2,0.144,2.07,0.496,38,0
fish (raw),pantry,4,23.1,0.749,10.0,0.801,1,0
eggs,pantry,1,22.7,0.15,2.26,0.513,12,0
bread,fridge,3,5.5,0.294,6.86,0.933,6,0
rice (cooked),fridge,2,5.4,0.515,6.97,0.099,4,0
cooked leftovers,freezer,1,-18.0,0.573,9.03,0.559,10,0
banana,fridge,3,4.0,0.551,7.72,0.842,4,0
berries,pantry,1,21.9,0.847,8.37,0.781,3,0
cooked leftovers,freezer,1,-17.7,0.643,8.85,0.559,10,0
tomato,fridge,5,3.0,0.666,7.23,0.474,8,0
berries,fridge,4,1.3,0.723,8.82,0.886,4,0
eggs,fridge,1,2.1,0.225,2.08,0.515,29,0
bread,fridge,4,7.1,0.281,7.14,0.164,7,1
milk,freezer,1,-17.9,0.897,8.36,0.971,24,0
bread,freezer,1,-18.0,0.237,6.5,0.877,17,0
leafy greens,pantry,1,22.7,0.838,9.03,0.6,3,0
apple,fridge,4,4.2,0.428,4.2,0.185,20,0
packaged snacks,pantry,4,22.1,0.022,1.0,0.663,33,0
cheese,fridge,1,3.7,0.317,2.77,0.862,23,0
eggs,fridge,2,4.1,0.14,2.15,0.44,22,0
bread,fridge,2,2.1,0.245,7.14,0.488,4,0
citrus,fridge,5,5.7,0.412,3.7,0.85,15,0
cheese,fridge,4,7.3,0.438,3.25,0.452,21,0
leafy greens,pantry,1,23.8,0.846,8.96,0.158,3,1
leafy greens,pantry,3,22.1,0.8,9.43,0.283,3,1
tomato,freezer,1,-15.5,0.724,6.65,0.252,25,0
cheese,fridge,5,4.0,0.469,3.43,0.461,16,0
rice (cooked),fridge,1,4.2,0.548,7.69,0.782,4,0
berries,freezer,3,-18.6,0.82,8.79,0.47,17,0
milk,fridge,4,3.2,0.892,8.5,0.324,7,0
bread,pantry,1,24.9,0.37,6.53,0.527,3,0
tomato,fridge,3,6.3,0.714,7.06,0.904,7,0
leafy greens,fridge,4,6.6,0.903,8.97,0.916,5,0
rice (cooked),freezer,6,-17.6,0.507,7.29,0.586,14,0
cheese,fridge,4,5.9,0.288,2.39,0.902,19,0
bread,fridge,5,4.6,0.284,6.18,0.666,5,0
citrus,freezer,2,-14.5,0.369,3.99,0.813,48,0
fish (raw),freezer,2,-17.5,0.728,9.4,0.23,7,1
tomato,pantry,2,23.7,0.679,7.23,0.778,4,0
eggs,pantry,2,24.1,0.215,1.85,0.379,11,0
root vegetables,fridge,3,4.3,0.22,3.51,0.624,22,0
banana,freezer,3,-18.9,0.533,8.13,0.228,19,1
leafy greens,pantry,1,21.5,0.811,7.92,0.869,3,0
milk,fridge,5,5.3,0.915,8.49,0.244,7,1
eggs,fridge,1,3.6,0.26,2.33,0.925,24,0
leafy greens,fridge,2,4.8,0.891,9.03,0.927,5,0
tomato,pantry,3,22.6,0.726,7.38,0.557,3,0
leafy greens,fridge,1,4.6,0.821,9.23,0.577,6,0
leafy greens,fridge,3,4.2,0.819,9.09,0.589,5,0
bread,fridge,5,4.8,0.254,6.96,0.249,5,1
chicken (raw),freezer,4,-19.0,0.639,10.0,0.279,7,1
fish (raw),pantry,4,19.7,0.601,10.0,0.845,1,0
citrus,fridge,2,5.6,0.396,4.32,0.743,15,0
yogurt,freezer,6,-19.8,0.754,6.38,0.769,36,0
cheese,fridge,6,2.5,0.351,3.25,0.59,20,0
cheese,fridge,3,2.6,0.33,2.57,0.61,24,1
yogurt,fridge,4,5.9,0.724,7.24,0.536,9,0
fish (raw),fridge,4,3.5,0.765,9.38,0.452,2,0
leafy greens,fridge,5,4.1,0.848,9.15,0.224,4,1
rice (cooked),pantry,3,21.8,0.528,6.25,0.486,2,0
citrus,fridge,2,4.6,0.431,4.27,0.173,13,0
eggs,fridge,2,4.6,0.264,1.67,0.839,25,0
banana,fridge,4,5.2,0.634,8.31,0.885,5,0
milk,freezer,3,-17.0,1.0,8.53,0.913,26,0
citrus,pantry,1,24.4,0.336,3.28,0.606,7,0
tomato,pantry,3,22.8,0.726,6.37,0.581,5,0
cooked leftovers,fridge,5,4.1,0.553,8.4,0.492,3,0
fish (raw),fridge,5,3.8,0.683,9.99,0.215,2,0
citrus,fridge,2,4.3,0.382,4.75,0.78,16,0
eggs,fridge,3,4.5,0.273,2.39,0.374,30,1
chicken (raw),fridge,1,6.9,0.688,10.0,0.754,2,0
apple,fridge,5,3.2,0.446,4.03,0.7,20,0
yogurt,fridge,2,1.0,0.702,5.57,0.227,8,1
citrus,fridge,4,5.8,0.382,3.77,0.692,14,0
milk,fridge,4,4.6,0.794,7.93,0.232,5,0
banana,fridge,5,3.6,0.608,7.45,0.301,5,1
cheese,pantry,3,24.7,0.364,4.07,0.574,5,0
leafy greens,freezer,6,-17.9,0.856,9.36,0.56,17,0
eggs,freezer,4,-19.9,0.164,1.23,0.778,98,0
cheese,fridge,4,5.0,0.278,3.72,0.41,24,0
packaged snacks,pantry,4,21.0,0.036,1.0,0.179,36,1
leafy greens,fridge,3,4.1,0.905,9.65,0.313,5,1
yogurt,fridge,1,3.5,0.762,6.1,0.576,13,0
milk,fridge,2,5.0,0.916,7.56,0.874,7,0
yogurt,freezer,4,-19.2,0.708,7.22,0.847,34,0
root vegetables,freezer,3,-18.6,0.227,2.7,0.266,72,1
bread,pantry,2,24.1,0.324,6.12,0.268,3,1
chicken (raw),freezer,4,-19.0,0.696,10.0,0.567,7,0
root vegetables,pantry,1,22.7,0.245,2.37,0.258,9,0
bread,fridge,1,3.9,0.3,7.67,0.878,6,0
bread,freezer,2,-19.7,0.345,7.75,1.0,18,0
berries,pantry,1,25.5,0.827,9.02,0.489,3,0
berries,pantry,3,24.3,0.853,8.68,0.245,3,0
banana,fridge,6,6.0,0.521,9.13,0.51,6,0
bread,fridge,2,3.8,0.287,7.57,0.869,6,0
cheese,fridge,7,2.9,0.299,3.93,0.178,23,1
bread,pantry,1,23.2,0.265,6.47,0.494,2,0
rice (cooked),fridge,5,5.4,0.563,7.56,0.509,4,1
cheese,fridge,2,3.1,0.429,2.44,0.733,19,0
tomato,freezer,3,-15.7,0.605,6.34,0.253,23,1
root vegetables,fridge,9,2.9,0.201,3.69,0.272,23,1
cooked leftovers,fridge,6,4.0,0.61,8.83,0.484,3,0
rice (cooked),fridge,2,5.7,0.469,7.55,0.271,4,1
tomato,pantry,1,23.5,0.569,6.04,0.822,3,0
yogurt,freezer,4,-16.9,0.729,6.48,0.604,34,1
bread,fridge,3,3.2,0.263,6.72,0.225,5,1
cheese,fridge,6,5.6,0.404,2.83,0.417,17,0
citrus,fridge,1,4.9,0.403,4.23,0.88,14,1
eggs,freezer,2,-18.2,0.18,2.64,0.854,93,0
cheese,fridge,4,2.4,0.336,2.27,0.489,21,0
fish (raw),freezer,7,-18.0,0.692,10.0,0.259,7,1
citrus,pantry,2,23.7,0.431,3.23,0.81,5,0
milk,fridge,2,6.0,0.835,8.72,0.524,7,0
cheese,fridge,3,3.3,0.408,3.51,0.423,21,1
packaged snacks,freezer,1,-18.4,0.058,1.0,0.944,345,0
berries,pantry,2,23.3,0.813,9.14,0.281,2,0
citrus,freezer,2,-17.3,0.36,3.86,0.553,51,1
chicken (raw),fridge,3,5.9,0.61,9.99,0.452,2,0
apple,fridge,3,4.8,0.473,3.62,0.574,17,0
cheese,freezer,3,-20.1,0.389,2.04,0.242,74,0
rice (cooked),fridge,2,4.0,0.451,6.85,0.902,4,0
milk,fridge,3,3.1,0.877,7.88,0.323,5,1
leafy greens,pantry,5,23.3,0.888,8.29,0.627,2,0
milk,fridge,2,3.9,0.924,7.64,0.798,8,0
leafy greens,fridge,4,6.8,0.928,8.66,0.642,5,0
cooked leftovers,fridge,2,2.6,0.562,8.92,0.922,3,0
fish (raw),fridge,3,3.7,0.718,10.0,0.931,2,0
tomato,fridge,3,5.7,0.684,7.54,0.913,7,0
eggs,freezer,2,-15.4,0.186,2.6,0.471,95,0
milk,fridge,5,1.3,0.92,8.61,0.361,7,1
milk,freezer,1,-18.9,0.914,7.79,0.441,24,0
apple,fridge,3,5.0,0.43,3.76,0.608,22,0
apple,fridge,1,2.9,0.444,4.52,0.927,21,0
bread,pantry,1,22.7,0.307,7.77,0.219,3,1
chicken (raw),freezer,4,-17.0,0.703,10.0,0.414,7,0
rice (cooked),fridge,5,1.8,0.506,7.21,0.565,4,0
eggs,freezer,1,-18.3,0.246,2.4,0.277,99,0
milk,fridge,3,3.7,0.896,8.18,0.541,6,0
cheese,pantry,1,22.8,0.346,3.41,0.559,8,0
cheese,fridge,5,4.2,0.36,2.65,0.517,22,0
leafy greens,freezer,1,-15.0,0.878,8.33,0.692,17,0
chicken (raw),freezer,5,-19.0,0.687,10.0,0.291,7,1
tomato,fridge,1,2.7,0.805,7.98,0.836,7,0
cheese,fridge,5,5.8,0.266,3.44,0.281,21,1
milk,fridge,3,8.0,0.854,8.39,0.189,7,0
leafy greens,fridge,2,4.3,0.84,9.69,0.618,6,0
cheese,freezer,3,-17.4,0.363,3.17,0.513,74,1
bread,pantry,3,26.7,0.326,6.86,0.608,2,0
cheese,fridge,3,1.8,0.364,3.66,0.575,26,0
packaged snacks,pantry,2,23.9,0.038,1.32,0.889,65,0
cheese,freezer,5,-18.2,0.355,2.47,0.483,71,0
eggs,pantry,3,23.2,0.186,2.09,0.823,9,0
cheese,freezer,4,-19.4,0.295,3.14,0.653,69,0
root vegetables,fridge,3,6.2,0.216,3.23,0.757,23,0
apple,freezer,1,-16.3,0.466,4.03,0.287,74,0
apple,fridge,3,5.0,0.469,4.05,0.856,25,0
citrus,fridge,1,6.0,0.357,3.77,0.404,14,0
root vegetables,fridge,4,4.8,0.217,2.7,0.789,27,0
cheese,fridge,3,2.5,0.343,2.01,0.883,21,0
eggs,pantry,6,23.7,0.184,1.16,0.804,16,0
apple,fridge,8,5.0,0.497,4.3,0.491,21,0
leafy greens,pantry,1,25.6,0.821,9.22,0.572,3,0
leafy greens,pantry,3,26.8,0.823,9.24,0.944,3,0
leafy greens,freezer,8,-19.2,0.865,9.08,0.527,18,0
eggs,fridge,2,3.3,0.218,2.64,0.542,27,0
root vegetables,pantry,4,23.6,0.191,3.54,0.11,17,1
cooked leftovers,fridge,3,4.9,0.577,9.29,0.491,3,1
apple,fridge,3,1.3,0.452,4.62,0.5,23,0
root vegetables,pantry,1,22.2,0.222,2.65,0.585,15,0
milk,fridge,2,5.6,0.904,7.73,0.292,5,1
cheese,freezer,4,-17.9,0.427,2.61,0.316,74,0
fish (raw),fridge,9,3.8,0.741,9.71,0.602,2,1
citrus,fridge,1,3.7,0.394,4.08,0.487,15,0
cheese,freezer,1,-15.4,0.227,4.22,0.908,69,0
apple,fridge,2,3.9,0.522,3.92,0.513,19,0
milk,freezer,3,-16.7,0.916,7.46,0.872,25,0
packaged snacks,pantry,1,22.5,0.072,1.0,0.911,63,0
chicken (raw),fridge,1,3.7,0.66,10.0,0.71,2,0
banana,freezer,1,-21.3,0.565,9.06,0.821,18,0
citrus,pantry,2,20.1,0.442,3.8,0.226,8,1
packaged snacks,pantry,4,24.6,0.078,1.77,0.22,65,0
rice (cooked),fridge,1,2.7,0.533,6.52,0.81,3,0
banana,fridge,3,4.6,0.573,8.37,0.817,6,0
tomato,pantry,2,23.1,0.723,6.94,0.591,4,0
cheese,fridge,3,4.0,0.277,3.25,0.933,19,0
banana,fridge,6,3.2,0.601,8.04,0.773,6,0
eggs,pantry,3,23.6,0.183,1.54,0.557,12,0
leafy greens,pantry,6,21.1,0.828,8.91,0.493,3,0
banana,pantry,1,24.6,0.644,7.65,0.785,3,0
root vegetables,fridge,3,4.3,0.211,3.09,0.548,19,0
milk,fridge,2,3.4,0.871,7.41,0.473,6,0
cheese,fridge,3,3.8,0.378,2.71,0.547,18,0
bread,freezer,4,-16.9,0.326,6.64,0.905,18,0
cooked leftovers,fridge,2,3.5,0.578,9.61,0.657,2,0
citrus,pantry,3,22.3,0.336,3.42,0.192,9,1
root vegetables,pantry,1,24.2,0.226,3.01,0.835,15,0
cooked leftovers,pantry,2,20.1,0.58,8.39,0.846,2,0
rice (cooked),pantry,1,22.4,0.53,6.8,0.378,2,1
leafy greens,fridge,3,6.0,0.909,8.75,0.826,4,0
cooked leftovers,pantry,1,23.7,0.625,8.98,0.499,3,0
milk,fridge,1,5.7,0.93,8.24,0.909,7,0
rice (cooked),pantry,3,24.2,0.466,6.84,0.517,2,0
yogurt,freezer,4,-18.7,0.743,6.27,0.602,35,0
rice (cooked),fridge,3,2.8,0.526,6.9,0.555,3,0
cooked leftovers,fridge,1,3.5,0.601,9.28,0.575,3,0
eggs,fridge,5,4.3,0.209,1.04,0.778,28,0
milk,pantry,5,25.0,0.871,8.04,0.6,4,1
chicken (raw),freezer,3,-16.7,0.595,10.0,0.252,7,1
packaged snacks,fridge,5,3.3,0.067,1.0,0.703,88,0
cheese,fridge,2,3.8,0.317,3.29,0.263,15,1
apple,pantry,2,24.1,0.332,3.27,0.482,10,0
leafy greens,pantry,1,24.6,0.904,8.83,0.984,2,0
chicken (raw),fridge,5,3.9,0.724,9.81,0.525,2,0
yogurt,fridge,1,3.0,0.87,5.64,0.907,11,0
cheese,fridge,4,2.7,0.322,3.24,0.611,21,1
berries,freezer,1,-17.8,0.842,8.78,0.264,18,1
bread,pantry,1,23.5,0.259,6.67,0.239,3,0
citrus,pantry,3,23.1,0.468,4.05,0.742,7,0
rice (cooked),pantry,4,22.3,0.57,6.23,0.666,2,0
cheese,fridge,1,4.8,0.352,3.11,0.713,20,0
apple,pantry,2,21.5,0.448,4.05,0.265,13,1
tomato,pantry,3,21.5,0.768,6.86,0.858,5,0
packaged snacks,pantry,1,22.6,0.059,1.0,0.912,63,0
berries,fridge,3,4.4,0.767,9.43,0.147,6,0
fish (raw),freezer,2,-21.2,0.795,9.56,0.829,7,0
leafy greens,pantry,3,20.0,0.785,8.33,0.455,3,1
tomato,freezer,2,-17.4,0.68,6.7,0.746,24,0
rice (cooked),fridge,1,5.9,0.619,7.21,0.67,3,0
eggs,fridge,2,4.1,0.257,2.76,0.283,27,1
rice (cooked),fridge,2,4.0,0.557,7.21,0.249,5,0
rice (cooked),pantry,5,23.6,0.501,7.98,0.56,2,0
citrus,fridge,2,5.3,0.428,3.58,0.518,16,0
leafy greens,fridge,1,5.7,0.826,8.8,0.174,4,0
leafy greens,fridge,2,3.5,0.846,9.31,0.453,5,0
chicken (raw),freezer,7,-18.6,0.63,9.88,0.687,7,0
root vegetables,fridge,1,3.3,0.303,3.6,0.825,17,0
milk,freezer,4,-16.5,0.93,8.1,0.861,24,0
yogurt,freezer,3,-21.3,0.782,5.78,0.488,34,0
yogurt,freezer,1,-17.1,0.718,5.63,0.595,34,0
yogurt,fridge,1,4.8,0.677,6.31,0.239,10,0
chicken (raw),fridge,5,3.1,0.594,9.59,0.855,2,0
tomato,fridge,2,5.5,0.673,7.05,0.529,6,0
cheese,fridge,3,6.5,0.424,3.95,0.534,17,0
cheese,freezer,2,-18.3,0.351,3.01,0.511,71,0
rice (cooked),fridge,1,6.2,0.468,7.24,0.323,4,1
yogurt,fridge,1,7.4,0.73,5.19,0.514,10,0
root vegetables,pantry,1,23.1,0.236,4.07,0.689,11,0
eggs,fridge,2,6.0,0.168,2.66,0.458,27,1
yogurt,fridge,6,4.9,0.815,5.84,0.198,11,1
fish (raw),fridge,1,4.4,0.664,10.0,0.624,2,0
cooked leftovers,fridge,3,4.2,0.636,9.65,0.478,3,1
milk,fridge,1,4.6,0.895,7.9,0.254,6,1
tomato,freezer,4,-19.2,0.643,7.85,0.252,26,0
yogurt,freezer,8,-15.7,0.804,6.07,0.217,34,0
chicken (raw),freezer,5,-16.7,0.616,10.0,1.0,7,0
eggs,fridge,3,3.6,0.292,1.44,0.228,28,1
banana,freezer,2,-17.5,0.598,8.65,0.827,16,0
leafy greens,fridge,1,2.1,0.814,9.32,0.911,5,0
apple,pantry,5,22.5,0.448,4.32,0.969,13,0
tomato,freezer,5,-18.0,0.672,7.15,1.0,22,0
banana,fridge,9,5.0,0.462,7.57,0.535,5,0
tomato,fridge,4,1.3,0.639,6.92,0.749,5,0
yogurt,freezer,2,-17.4,0.726,5.73,0.884,34,0
fish (raw),fridge,6,3.6,0.628,10.0,0.574,2,0
bread,fridge,3,5.3,0.325,7.02,0.345,4,0
fish (raw),pantry,2,22.6,0.61,10.0,0.631,2,0
citrus,fridge,6,5.3,0.475,3.59,0.916,13,0
banana,fridge,4,4.1,0.544,7.9,0.576,5,0
apple,fridge,3,4.8,0.438,3.26,0.818,22,0
packaged snacks,pantry,5,23.2,0.106,1.6,0.86,30,0
cooked leftovers,fridge,4,2.1,0.607,8.39,0.519,3,0
root vegetables,fridge,3,1.1,0.314,2.81,0.181,24,1
bread,pantry,2,25.3,0.266,7.46,0.508,3,0
eggs,pantry,5,25.0,0.229,1.28,0.788,17,0
leafy greens,pantry,4,22.0,0.905,9.29,0.537,3,1
tomato,pantry,2,21.2,0.681,6.73,0.6,4,1
cooked leftovers,fridge,4,5.3,0.532,8.15,0.865,3,0
yogurt,pantry,3,22.4,0.767,5.79,0.907,7,0
berries,pantry,2,24.7,0.755,8.43,0.25,2,1
tomato,freezer,1,-19.4,0.716,6.69,0.277,24,0
rice (cooked),pantry,2,24.8,0.586,6.89,0.598,2,0
berries,freezer,2,-15.4,0.787,9.22,0.661,17,0
apple,fridge,4,5.5,0.405,4.04,0.796,18,0
apple,pantry,2,24.1,0.454,3.87,0.216,12,1
rice (cooked),pantry,4,24.0,0.558,7.32,0.865,2,0
leafy greens,fridge,3,7.9,0.804,10.0,0.918,6,0
citrus,freezer,1,-18.0,0.376,3.79,0.933,48,0
banana,fridge,4,4.2,0.563,7.8,0.626,6,0
cooked leftovers,fridge,2,3.1,0.522,8.48,0.342,3,1
berries,freezer,3,-16.7,0.908,8.42,0.55,18,0
cheese,fridge,4,3.8,0.289,3.11,0.671,20,0
citrus,fridge,2,4.1,0.368,4.25,0.262,14,0
packaged snacks,pantry,3,24.8,0.167,1.0,0.31,38,1
leafy greens,fridge,5,3.3,0.879,9.46,0.549,6,0
citrus,fridge,2,5.5,0.468,3.53,0.431,16,0
packaged snacks,pantry,4,20.5,0.068,1.0,0.84,40,0
fish (raw),freezer,4,-18.5,0.782,9.15,0.578,7,0
citrus,fridge,6,2.9,0.34,4.09,0.842,16,0
packaged snacks,pantry,4,23.8,0.081,1.0,0.881,73,0
yogurt,freezer,2,-17.2,0.722,6.16,0.837,34,0
cooked leftovers,pantry,7,25.2,0.709,9.39,0.161,2,1
chicken (raw),freezer,6,-15.4,0.707,9.81,0.492,7,0
yogurt,fridge,4,6.6,0.748,6.39,0.448,11,0
milk,fridge,7,3.2,0.87,7.75,0.61,8,1
packaged snacks,pantry,3,25.1,0.011,1.0,0.779,35,0
cooked leftovers,pantry,4,23.1,0.584,8.19,0.441,2,0
eggs,fridge,3,4.1,0.238,1.0,0.473,30,0
citrus,fridge,4,4.9,0.454,4.51,0.5,11,0
banana,pantry,4,25.7,0.627,8.04,0.826,4,0
yogurt,fridge,7,3.4,0.774,5.76,0.483,9,0
chicken (raw),freezer,1,-16.6,0.759,9.61,0.541,7,0
rice (cooked),fridge,2,1.8,0.548,6.19,1.0,4,0
apple,pantry,5,23.3,0.452,4.12,0.499,12,0
banana,pantry,4,24.8,0.551,7.73,0.453,3,0
cheese,fridge,3,4.2,0.402,2.58,0.431,17,0
berries,pantry,3,24.2,0.792,8.7,0.784,2,0
cheese,pantry,1,23.2,0.26,3.48,0.687,9,0
tomato,fridge,2,5.1,0.72,6.52,0.487,6,0
eggs,fridge,5,1.9,0.248,1.99,0.456,37,0
packaged snacks,pantry,3,24.5,0.096,1.0,0.804,42,0
leafy greens,freezer,4,-18.9,0.888,8.7,0.549,17,0
apple,freezer,5,-19.2,0.471,3.75,0.57,75,0
packaged snacks,freezer,6,-17.0,0.04,1.0,0.655,330,0
apple,pantry,4,22.9,0.486,5.19,0.235,10,1
bread,fridge,9,6.1,0.229,7.97,0.469,5,0
eggs,pantry,5,22.6,0.126,1.96,0.312,9,0
milk,fridge,1,6.0,0.88,6.9,0.208,9,1
cheese,freezer,4,-19.8,0.344,3.5,0.595,73,1
yogurt,fridge,2,2.9,0.804,6.57,0.455,11,0
citrus,fridge,3,5.2,0.345,4.28,0.172,13,1
banana,fridge,2,1.4,0.486,6.42,0.168,5,0
banana,freezer,3,-19.5,0.554,8.17,0.432,19,0
rice (cooked),fridge,3,4.1,0.612,7.33,0.816,4,0
packaged snacks,pantry,2,25.6,0.063,1.0,0.246,25,0
cheese,fridge,2,2.9,0.335,3.43,0.883,28,0
berries,fridge,1,2.9,0.813,9.12,0.71,5,0
yogurt,freezer,2,-14.0,0.756,6.56,0.68,35,0
root vegetables,fridge,4,6.3,0.276,3.78,0.518,20,0
tomato,fridge,3,4.3,0.672,6.86,0.408,6,1
yogurt,freezer,1,-18.8,0.835,5.42,0.833,34,0
fish (raw),fridge,3,4.8,0.768,10.0,0.478,2,0
apple,freezer,3,-18.0,0.462,4.12,0.641,76,0
citrus,freezer,1,-19.2,0.436,3.94,0.801,48,0
citrus,fridge,3,5.2,0.386,3.66,0.603,16,0
packaged snacks,pantry,3,23.9,0.091,1.34,0.264,28,1
packaged snacks,pantry,4,22.3,0.16,1.0,0.744,35,0
chicken (raw),fridge,2,3.9,0.687,9.55,0.556,2,0
milk,freezer,3,-17.2,0.858,7.5,0.624,23,0
rice (cooked),pantry,8,24.3,0.431,6.94,0.618,2,0
citrus,freezer,3,-18.6,0.437,4.65,0.52,52,0
fish (raw),freezer,4,-19.0,0.783,10.0,0.221,7,1
packaged snacks,pantry,4,23.6,0.051,1.0,0.559,44,0
tomato,pantry,5,20.8,0.66,7.21,0.531,4,1
banana,fridge,4,7.2,0.589,8.14,0.562,4,0
apple,freezer,4,-18.2,0.545,3.71,0.148,71,1
cooked leftovers,pantry,4,23.6,0.654,9.24,0.13,2,1
eggs,fridge,1,2.4,0.203,2.23,0.951,23,0
tomato,freezer,5,-16.2,0.634,7.42,0.835,25,0
bread,fridge,1,1.9,0.373,7.36,0.753,6,0
apple,freezer,4,-18.3,0.394,4.29,0.854,76,0
chicken (raw),fridge,4,4.6,0.651,10.0,0.573,2,0
banana,fridge,1,5.0,0.444,8.62,0.458,5,0
rice (cooked),pantry,2,21.0,0.595,7.35,0.159,2,1
packaged snacks,pantry,2,24.1,0.072,1.0,0.295,43,1
root vegetables,pantry,2,22.4,0.328,2.84,0.61,10,0
bread,fridge,3,4.8,0.303,6.42,0.321,5,1
banana,freezer,4,-18.7,0.632,8.68,0.526,18,0
leafy greens,pantry,2,24.0,0.839,9.65,0.602,3,0
packaged snacks,pantry,5,21.5,0.0,1.27,0.539,53,0
bread,fridge,3,4.5,0.372,7.48,0.898,4,0
milk,freezer,2,-16.0,0.945,7.99,0.786,24,0
cooked leftovers,pantry,3,23.6,0.571,8.61,0.797,2,0
apple,fridge,4,2.5,0.452,4.02,0.788,17,0
chicken (raw),freezer,1,-19.7,0.614,9.38,0.488,7,0
eggs,pantry,4,23.4,0.249,2.28,0.525,18,0
chicken (raw),pantry,3,22.6,0.69,9.71,0.241,1,0
tomato,fridge,6,3.8,0.753,6.99,1.0,7,0
citrus,fridge,1,3.3,0.467,4.34,0.25,14,1
cheese,fridge,3,4.0,0.413,3.47,0.375,17,0
banana,freezer,3,-16.7,0.569,8.42,0.512,17,0
apple,pantry,3,23.2,0.431,4.31,0.512,10,0
milk,fridge,7,3.4,0.93,8.16,0.531,7,0
citrus,pantry,5,21.1,0.358,3.96,0.88,3,0
berries,fridge,5,3.4,0.732,8.1,0.836,5,0
banana,fridge,1,5.6,0.597,7.41,0.95,5,0
yogurt,freezer,2,-20.5,0.781,6.28,0.268,36,0
citrus,pantry,4,20.1,0.41,4.05,0.239,7,0
tomato,freezer,3,-16.9,0.666,6.89,0.484,23,0
tomato,pantry,1,22.5,0.757,6.74,0.271,4,0
yogurt,fridge,1,1.5,0.807,6.44,0.535,12,0
chicken (raw),freezer,2,-17.3,0.662,9.19,0.663,7,0
leafy greens,fridge,4,2.8,0.829,9.3,0.168,5,1
chicken (raw),fridge,6,3.5,0.632,9.78,0.869,2,0
cheese,freezer,3,-19.2,0.342,2.43,0.197,74,0
rice (cooked),fridge,6,5.4,0.598,6.86,0.809,3,0
tomato,freezer,1,-18.7,0.679,6.9,0.786,26,0
bread,pantry,2,24.4,0.295,7.47,0.887,4,0
root vegetables,fridge,4,4.6,0.32,2.97,0.172,23,1
cooked leftovers,fridge,5,-0.6,0.627,9.33,0.605,3,0
cheese,freezer,2,-18.6,0.299,3.09,0.776,78,0
yogurt,fridge,4,3.9,0.773,6.26,0.508,10,0
packaged snacks,pantry,6,22.1,0.04,1.12,0.24,55,1
rice (cooked),fridge,4,5.0,0.561,6.81,0.915,5,0
cheese,fridge,2,2.0,0.333,3.26,1.0,21,0
packaged snacks,pantry,4,24.1,0.065,1.08,0.58,42,1
citrus,fridge,4,2.4,0.374,3.04,0.954,14,0
eggs,freezer,4,-18.5,0.222,1.74,0.499,95,0
yogurt,fridge,7,4.4,0.735,5.89,0.582,10,0
bread,freezer,2,-18.7,0.3,5.97,0.572,17,0
banana,fridge,4,2.1,0.566,7.54,0.752,4,0
chicken (raw),freezer,3,-18.7,0.786,10.0,0.759,7,0
rice (cooked),fridge,2,1.6,0.525,7.27,0.474,4,0
chicken (raw),freezer,3,-17.7,0.605,10.0,0.446,7,1
milk,freezer,1,-17.1,0.91,8.45,0.637,25,0
fish (raw),fridge,1,7.2,0.729,9.81,0.161,2,1
cooked leftovers,fridge,3,4.1,0.542,8.62,0.858,4,0
fish (raw),fridge,3,1.7,0.737,10.0,0.864,2,0
yogurt,fridge,4,4.8,0.77,6.01,0.165,9,1
fish (raw),fridge,5,2.9,0.672,9.91,0.154,2,1
berries,fridge,4,3.0,0.883,9.17,0.521,5,0
cooked leftovers,pantry,5,21.1,0.598,9.04,0.21,1,1
leafy greens,fridge,4,4.7,0.795,9.37,0.516,5,0
rice (cooked),fridge,3,6.1,0.556,6.89,0.522,3,0
yogurt,freezer,3,-18.8,0.845,6.71,0.277,34,0
cooked leftovers,fridge,4,2.8,0.572,8.35,0.955,3,0
tomato,pantry,1,22.3,0.731,7.02,0.893,5,0
leafy greens,fridge,3,3.4,0.821,8.7,0.231,5,1
banana,fridge,4,5.2,0.528,8.19,0.655,4,0
rice (cooked),fridge,2,2.3,0.591,6.79,0.725,3,1
banana,fridge,2,5.8,0.523,7.46,0.509,5,0
milk,pantry,1,22.6,0.899,7.43,0.224,3,1
berries,fridge,2,3.6,0.772,8.76,0.561,5,0
chicken (raw),fridge,2,4.4,0.539,10.0,0.787,2,0
tomato,fridge,1,3.8,0.664,6.8,0.247,8,1
cooked leftovers,pantry,1,21.0,0.643,8.94,0.881,3,0
cheese,freezer,5,-19.7,0.286,3.92,0.434,70,0
citrus,pantry,2,22.3,0.449,3.89,0.279,12,1
fish (raw),fridge,1,4.2,0.675,10.0,0.68,2,0
citrus,fridge,1,1.6,0.438,3.99,0.324,13,1
yogurt,fridge,3,3.7,0.763,5.63,0.239,10,0
cooked leftovers,pantry,3,22.1,0.603,8.36,0.332,2,0
berries,fridge,4,5.7,0.825,9.47,0.284,6,1
yogurt,fridge,3,6.4,0.875,6.12,0.88,8,0
rice (cooked),pantry,1,25.3,0.495,7.13,0.6,3,0
root vegetables,freezer,6,-19.6,0.245,2.82,0.253,75,0
milk,fridge,5,4.1,0.907,8.41,0.887,6,0
berries,freezer,1,-17.8,0.799,9.16,0.586,18,1
berries,fridge,5,3.1,0.778,8.95,0.894,5,0
rice (cooked),fridge,1,4.0,0.51,6.75,0.236,3,0
leafy greens,fridge,4,5.4,0.835,8.2,0.186,5,1
apple,fridge,2,4.8,0.415,3.68,0.422,20,0
root vegetables,fridge,3,4.0,0.304,3.24,0.702,21,0
rice (cooked),fridge,6,4.2,0.556,7.3,0.263,4,1
leafy greens,fridge,2,5.1,0.741,8.71,0.513,5,1
tomato,freezer,3,-20.2,0.72,6.54,0.166,25,1
cheese,freezer,7,-19.9,0.259,3.08,0.194,75,1
banana,pantry,3,23.7,0.576,8.54,0.111,2,1
chicken (raw),fridge,4,8.2,0.644,10.0,0.493,2,0
chicken (raw),fridge,4,5.0,0.724,10.0,0.14,2,0
bread,pantry,2,22.4,0.336,6.89,0.75,3,0
milk,pantry,2,24.2,0.935,7.49,0.847,4,0
cooked leftovers,pantry,4,23.0,0.655,9.12,0.267,2,1
berries,fridge,4,3.8,0.846,8.36,0.523,4,0
banana,fridge,3,4.6,0.55,9.38,0.273,5,0
bread,pantry,4,22.8,0.223,6.93,0.486,3,0
rice (cooked),freezer,5,-18.7,0.487,6.97,0.582,14,0
citrus,fridge,3,2.0,0.32,4.82,0.324,15,0
milk,freezer,1,-20.5,0.888,8.63,0.645,25,0
cooked leftovers,fridge,3,2.1,0.591,8.62,0.503,3,0
berries,freezer,3,-16.1,0.771,9.1,0.641,17,0
citrus,fridge,4,5.7,0.372,3.31,0.618,15,0
cheese,fridge,3,5.5,0.384,2.94,0.356,23,0
cheese,freezer,6,-19.0,0.365,2.44,0.896,77,0
leafy greens,fridge,1,5.7,0.765,10.0,0.257,4,0
milk,freezer,2,-19.1,0.933,7.47,0.215,25,1
citrus,pantry,7,22.9,0.377,4.73,0.717,7,0
apple,fridge,6,4.2,0.464,4.71,0.432,21,0
apple,fridge,3,4.8,0.476,4.43,0.545,21,0
tomato,freezer,1,-17.8,0.645,7.21,0.964,24,0
packaged snacks,pantry,3,21.4,0.076,1.72,0.602,41,0
leafy greens,fridge,3,5.7,0.807,8.3,1.0,4,0
citrus,pantry,3,23.0,0.426,4.26,0.522,6,0
cooked leftovers,fridge,7,4.7,0.577,9.57,0.824,3,0
root vegetables,freezer,2,-17.1,0.205,3.17,0.306,77,0
fish (raw),freezer,3,-19.9,0.656,9.99,0.328,7,0
root vegetables,pantry,2,21.2,0.217,3.91,0.486,11,0
bread,pantry,1,22.7,0.248,7.08,0.545,3,0
rice (cooked),pantry,2,24.3,0.551,6.45,0.271,3,0
milk,pantry,6,22.8,0.872,7.57,0.519,4,0
rice (cooked),fridge,4,4.5,0.501,7.15,0.863,5,0
rice (cooked),fridge,2,1.9,0.47,7.33,0.584,4,0
citrus,pantry,3,21.6,0.332,3.3,0.342,9,1
bread,pantry,2,24.9,0.257,6.88,0.891,4,0
cooked leftovers,freezer,3,-15.8,0.591,8.14,0.588,11,0
bread,fridge,3,3.5,0.302,6.85,0.562,6,0
yogurt,freezer,4,-18.8,0.761,5.98,0.622,36,0
bread,fridge,1,5.1,0.208,6.45,0.25,5,0
yogurt,freezer,2,-21.2,0.691,6.1,0.849,36,0
tomato,fridge,5,7.1,0.741,6.8,0.509,5,1
rice (cooked),freezer,5,-16.6,0.612,6.65,0.89,14,0
fish (raw),freezer,4,-16.4,0.701,10.0,0.975,7,0
rice (cooked),pantry,1,22.7,0.612,6.59,0.594,2,0
apple,pantry,4,23.9,0.449,4.72,0.153,14,1
leafy greens,pantry,2,26.1,0.812,9.02,0.856,2,0
citrus,fridge,2,3.4,0.368,3.0,0.644,12,0
chicken (raw),pantry,6,24.9,0.611,10.0,0.459,2,0
yogurt,fridge,10,2.9,0.751,6.97,0.458,10,0
leafy greens,fridge,2,1.6,0.923,8.38,0.514,5,0
tomato,fridge,2,4.1,0.675,6.83,0.246,5,0
tomato,freezer,6,-19.0,0.653,6.6,0.547,24,0
leafy greens,freezer,3,-18.6,0.817,9.54,0.462,16,0
tomato,fridge,2,1.8,0.717,7.11,0.528,7,0
cooked leftovers,pantry,4,22.6,0.567,8.45,0.301,2,1
bread,fridge,1,3.9,0.401,7.85,0.847,6,0
bread,pantry,1,25.3,0.318,7.38,0.95,3,0
yogurt,fridge,2,5.9,0.743,5.35,0.231,9,1
yogurt,fridge,5,4.2,0.791,6.57,0.435,11,0
tomato,freezer,3,-17.0,0.714,5.9,0.268,25,1
packaged snacks,pantry,2,23.0,0.0,1.26,0.56,60,0
rice (cooked),pantry,4,25.2,0.516,6.66,0.448,2,0
bread,freezer,3,-20.2,0.254,6.78,0.838,18,0
berries,pantry,3,22.1,0.842,9.63,0.483,2,0
fish (raw),fridge,5,2.8,0.701,10.0,0.53,2,1
fish (raw),freezer,2,-18.1,0.762,10.0,0.092,7,0
packaged snacks,pantry,5,25.0,0.054,1.36,0.564,30,0
packaged snacks,pantry,2,21.3,0.025,1.34,0.483,39,0
fish (raw),fridge,3,4.8,0.764,10.0,0.425,2,0
eggs,fridge,4,3.1,0.256,2.65,0.831,28,0
milk,freezer,2,-16.8,0.905,8.05,0.269,24,1
chicken (raw),fridge,1,3.5,0.636,9.89,0.855,2,0
citrus,freezer,3,-19.8,0.41,4.18,0.833,47,0
cheese,fridge,3,7.1,0.265,3.17,0.242,24,1
apple,fridge,3,3.9,0.498,3.62,0.48,16,0
packaged snacks,pantry,5,22.2,0.077,1.0,0.626,70,0
bread,fridge,5,4.7,0.358,7.55,0.143,3,0
eggs,fridge,5,3.2,0.083,1.92,0.935,26,0
rice (cooked),fridge,6,0.5,0.58,7.24,0.547,4,0
packaged snacks,pantry,2,22.2,0.049,1.76,0.868,50,0
apple,pantry,1,21.7,0.368,3.59,0.186,13,1
cheese,fridge,3,3.8,0.353,3.4,0.518,25,0
berries,fridge,4,2.5,0.965,8.67,0.471,4,1
milk,pantry,1,20.0,0.941,7.01,0.889,3,0
apple,pantry,2,20.8,0.398,4.47,0.467,8,1
packaged snacks,pantry,4,24.4,0.015,2.09,0.642,58,0
berries,pantry,1,24.5,0.814,8.8,0.543,3,0
root vegetables,fridge,2,5.0,0.202,2.96,0.931,21,0
packaged snacks,pantry,3,21.8,0.0,1.0,0.888,62,0
apple,pantry,4,23.4,0.508,3.82,0.206,12,1
banana,pantry,3,25.7,0.532,8.23,0.469,2,0
fish (raw),freezer,4,-16.6,0.656,10.0,0.483,7,0
banana,freezer,3,-18.9,0.488,7.84,0.08,18,0
packaged snacks,pantry,1,21.9,0.0,1.0,0.273,48,1
chicken (raw),fridge,2,3.9,0.69,10.0,0.153,2,0
cheese,fridge,3,4.2,0.295,3.69,0.324,22,1
rice (cooked),pantry,4,24.3,0.539,5.79,0.554,2,0
berries,fridge,1,3.2,0.67,9.33,0.607,5,0
cooked leftovers,fridge,4,4.3,0.601,9.5,0.893,2,0
packaged snacks,pantry,1,20.7,0.045,1.01,0.777,46,0
citrus,fridge,1,6.7,0.455,4.25,0.59,12,0
fish (raw),fridge,8,5.8,0.692,10.0,0.186,2,1
chicken (raw),fridge,4,4.6,0.7,9.28,0.825,2,0
packaged snacks,fridge,6,5.6,0.107,1.0,0.278,92,0
leafy greens,pantry,8,24.3,0.801,9.58,0.548,4,0
chicken (raw),fridge,2,4.6,0.708,9.54,0.671,2,1
bread,fridge,2,5.7,0.363,7.22,0.236,4,1
banana,fridge,3,1.4,0.444,8.37,0.233,4,1
apple,freezer,3,-16.8,0.451,4.68,0.206,69,0
milk,fridge,3,3.9,0.887,8.91,0.778,6,0
root vegetables,fridge,3,4.0,0.203,3.08,0.406,22,0
packaged snacks,pantry,5,22.6,0.157,1.0,0.285,51,1
root vegetables,fridge,4,2.8,0.204,2.74,0.157,25,1
tomato,fridge,2,2.6,0.684,6.77,0.916,8,0
citrus,fridge,7,3.0,0.371,3.68,0.272,14,0
apple,fridge,7,3.8,0.581,3.39,0.853,21,0
cooked leftovers,fridge,5,4.7,0.561,9.31,0.171,3,0
chicken (raw),fridge,1,3.7,0.726,10.0,0.582,2,0
citrus,pantry,3,24.5,0.385,4.22,0.533,6,0
milk,fridge,3,1.7,0.871,7.94,0.457,7,0
citrus,fridge,1,1.8,0.357,4.99,0.828,15,0
packaged snacks,freezer,5,-17.4,0.011,1.0,0.609,320,0
berries,fridge,1,5.1,0.916,9.3,0.428,6,0
tomato,fridge,5,0.1,0.7,6.91,0.56,7,0
yogurt,freezer,1,-16.8,0.819,6.51,0.252,35,0
packaged snacks,pantry,4,21.6,0.0,1.5,0.837,66,0
berries,freezer,1,-17.4,0.882,9.49,0.198,18,1
root vegetables,fridge,3,6.8,0.269,2.61,0.301,20,0
chicken (raw),fridge,2,4.0,0.621,9.38,0.762,2,0
tomato,pantry,2,20.0,0.711,7.17,0.226,4,0
berries,fridge,1,6.9,0.878,9.39,0.663,4,0
root vegetables,pantry,4,25.0,0.288,3.57,0.648,12,0
root vegetables,fridge,2,4.0,0.169,3.37,0.881,23,0
berries,fridge,3,5.9,0.826,9.3,0.541,6,0
leafy greens,fridge,2,6.6,0.851,9.87,0.809,5,0
banana,fridge,2,5.9,0.625,8.19,0.885,4,0
bread,fridge,5,6.5,0.28,7.44,0.487,6,0
leafy greens,fridge,4,3.5,0.849,9.38,0.57,6,0
root vegetables,pantry,6,22.5,0.235,2.7,0.308,13,1
cooked leftovers,pantry,1,24.8,0.601,7.95,0.552,2,0
bread,pantry,3,23.7,0.354,7.43,0.797,3,0
chicken (raw),fridge,4,3.2,0.648,10.0,0.475,2,0
yogurt,fridge,2,2.4,0.733,4.88,0.914,8,0
fish (raw),fridge,4,2.1,0.699,10.0,0.157,2,0
packaged snacks,pantry,4,23.6,0.041,1.04,0.982,47,0
chicken (raw),freezer,3,-19.0,0.691,10.0,0.821,7,0
root vegetables,fridge,5,5.2,0.292,3.71,0.255,18,1
cheese,fridge,4,5.3,0.381,3.57,0.651,25,0
packaged snacks,pantry,2,21.0,0.036,1.65,0.898,38,0
eggs,pantry,4,25.4,0.205,1.76,0.84,22,0
eggs,freezer,5,-18.5,0.246,1.96,0.871,98,0
cooked leftovers,fridge,2,5.6,0.612,9.44,0.638,3,0
packaged snacks,pantry,3,20.8,0.036,1.6,0.527,34,0
apple,pantry,4,23.3,0.412,4.0,0.537,13,0
packaged snacks,pantry,5,23.7,0.102,1.0,0.646,48,0
milk,freezer,1,-15.8,0.82,8.21,0.783,24,0
eggs,fridge,1,3.5,0.238,2.23,0.421,38,0
cooked leftovers,freezer,3,-19.9,0.583,8.71,0.614,11,0
cooked leftovers,fridge,4,3.3,0.586,8.7,0.612,3,0
leafy greens,pantry,2,24.6,0.898,9.75,0.505,3,0
fish (raw),fridge,4,6.1,0.688,10.0,0.293,2,1
milk,fridge,1,3.1,0.853,7.78,0.784,7,0
apple,freezer,1,-17.4,0.463,3.91,0.407,76,0
root vegetables,fridge,2,4.4,0.318,1.67,0.727,17,0
root vegetables,fridge,2,4.8,0.237,3.23,0.676,17,0
cooked leftovers,fridge,2,2.8,0.538,8.8,0.865,3,0
citrus,fridge,2,4.8,0.421,4.82,0.228,14,1
milk,freezer,3,-18.8,0.823,8.05,0.4,26,1
banana,freezer,1,-18.8,0.586,8.43,0.492,17,1
eggs,fridge,4,2.9,0.141,1.66,0.819,30,0
bread,fridge,4,5.7,0.311,8.16,0.246,4,1
citrus,pantry,2,21.5,0.478,2.53,0.885,9,0
fish (raw),freezer,3,-19.5,0.664,10.0,0.686,7,0
rice (cooked),fridge,4,2.1,0.584,6.14,0.861,4,0
leafy greens,freezer,3,-19.6,0.728,9.21,0.235,19,1
tomato,fridge,4,5.7,0.633,7.27,0.24,7,1
banana,freezer,4,-18.6,0.539,7.47,0.541,18,0
fish (raw),fridge,1,4.1,0.591,10.0,0.913,1,0
cooked leftovers,freezer,5,-17.8,0.66,9.08,0.615,11,0
bread,freezer,6,-18.9,0.312,6.18,0.213,17,0
yogurt,freezer,2,-19.4,0.723,5.71,0.558,35,0
leafy greens,fridge,4,4.7,0.791,9.34,0.871,4,0
eggs,freezer,2,-20.0,0.123,2.16,0.538,95,0
banana,fridge,2,0.6,0.602,8.13,0.8,5,0
yogurt,freezer,5,-14.6,0.769,6.29,0.756,36,0
chicken (raw),freezer,3,-18.9,0.615,10.0,0.749,7,0
cheese,fridge,3,2.9,0.351,3.49,0.225,24,1
citrus,fridge,4,2.5,0.46,4.82,0.666,13,0
packaged snacks,pantry,1,23.8,0.112,1.0,0.683,56,0
fish (raw),freezer,5,-17.8,0.695,9.42,0.43,7,0
apple,freezer,4,-16.9,0.468,3.5,0.873,77,0
apple,pantry,5,22.8,0.476,4.76,0.478,16,0
packaged snacks,pantry,2,21.4,0.087,1.69,0.616,69,0
rice (cooked),freezer,4,-18.4,0.542,6.93,0.946,13,0
chicken (raw),fridge,5,3.5,0.599,9.32,0.976,2,0
yogurt,fridge,3,3.3,0.717,6.38,0.581,13,0
eggs,fridge,1,6.3,0.31,2.21,0.865,30,0
packaged snacks,pantry,2,24.5,0.119,1.0,0.545,59,0
chicken (raw),fridge,2,5.5,0.663,9.68,0.743,2,0
packaged snacks,fridge,2,6.3,0.092,1.0,0.755,95,0
eggs,fridge,5,7.6,0.11,1.98,0.737,33,0
yogurt,fridge,2,5.5,0.661,5.62,0.617,11,0
fish (raw),fridge,1,5.1,0.637,10.0,0.876,2,0
tomato,freezer,2,-19.7,0.625,6.51,0.64,24,0
leafy greens,pantry,2,22.9,0.851,9.01,0.76,3,0
apple,freezer,1,-18.0,0.384,4.42,0.818,76,0
fish (raw),fridge,2,3.8,0.696,9.79,0.243,2,1
leafy greens,pantry,2,21.5,0.826,8.72,0.755,3,0
yogurt,fridge,7,5.3,0.667,6.33,0.588,8,1
apple,fridge,1,5.4,0.44,4.49,0.839,21,0
banana,fridge,1,4.6,0.466,8.78,0.644,5,0
berries,freezer,3,-19.4,0.79,8.1,0.94,17,0
citrus,fridge,4,4.6,0.398,3.64,0.634,15,0
root vegetables,freezer,2,-18.0,0.188,2.66,0.304,70,0
root vegetables,pantry,5,21.6,0.305,2.37,0.828,10,0
chicken (raw),fridge,8,5.9,0.641,10.0,0.815,2,0
berries,fridge,1,5.2,0.856,9.35,0.476,5,0
chicken (raw),freezer,6,-18.1,0.597,9.8,0.505,7,0
milk,freezer,3,-17.6,0.91,8.23,0.916,26,0
apple,freezer,2,-17.5,0.435,3.01,0.489,74,1
fish (raw),fridge,4,5.0,0.674,10.0,0.494,2,0
berries,fridge,2,5.5,0.849,8.84,0.649,4,0
fish (raw),freezer,2,-17.7,0.687,10.0,0.929,7,0
tomato,pantry,4,24.9,0.676,6.33,0.317,4,1
yogurt,fridge,4,4.0,0.732,6.19,0.338,9,0
cheese,fridge,1,4.2,0.293,3.1,0.65,20,0
eggs,fridge,3,7.2,0.178,1.34,0.791,28,0
tomato,fridge,1,6.0,0.717,6.72,0.473,8,0
root vegetables,pantry,1,20.3,0.317,3.73,0.548,7,0
fish (raw),fridge,1,1.9,0.728,9.46,0.924,1,0
berries,fridge,5,4.7,0.886,9.21,0.502,5,0
tomato,fridge,5,2.9,0.833,6.83,0.676,9,0
eggs,freezer,4,-18.2,0.196,2.24,0.917,99,0
tomato,pantry,3,22.9,0.71,5.95,0.887,3,0
yogurt,fridge,5,2.3,0.821,6.62,0.555,11,0
cooked leftovers,fridge,3,3.0,0.633,8.92,0.218,3,1
banana,pantry,1,24.5,0.484,7.53,0.295,2,1
rice (cooked),pantry,2,23.4,0.516,7.09,0.823,3,0
cheese,fridge,4,4.4,0.35,2.77,0.678,23,0
yogurt,freezer,3,-18.2,0.679,6.22,0.549,35,0
root vegetables,pantry,1,22.2,0.262,4.22,0.5,12,0
fish (raw),fridge,3,5.0,0.716,10.0,0.165,2,1
eggs,pantry,2,23.0,0.164,2.25,0.253,18,0
apple,freezer,1,-22.7,0.46,4.36,0.813,78,0
berries,freezer,1,-20.1,0.833,9.51,0.257,18,0
bread,fridge,2,3.7,0.234,7.67,0.776,6,0
yogurt,fridge,3,2.5,0.75,5.95,0.319,12,0
tomato,fridge,5,2.9,0.688,6.88,0.87,8,0
fish (raw),fridge,5,5.9,0.717,10.0,0.484,2,0
cooked leftovers,fridge,2,5.5,0.675,9.97,0.514,3,0
packaged snacks,pantry,2,25.1,0.064,1.61,0.48,52,0
chicken (raw),fridge,4,3.2,0.598,9.76,0.89,2,0
yogurt,freezer,1,-17.0,0.731,6.01,0.854,37,0
leafy greens,fridge,4,4.1,0.835,9.03,0.542,5,0
bread,freezer,7,-17.0,0.251,6.67,0.911,17,0
root vegetables,pantry,1,21.7,0.27,2.61,0.888,9,0
cheese,fridge,2,3.2,0.354,2.84,0.367,18,1
tomato,pantry,2,23.0,0.725,7.59,0.485,4,0
fish (raw),fridge,2,3.6,0.683,9.8,0.595,2,0
bread,pantry,1,21.5,0.412,7.32,0.706,3,0
cooked leftovers,fridge,5,3.5,0.619,8.76,0.794,3,0
leafy greens,fridge,3,1.9,0.859,9.6,0.23,5,1
apple,fridge,3,8.5,0.513,4.03,0.642,20,0
milk,pantry,1,23.3,0.951,8.46,0.486,4,0
tomato,fridge,3,3.7,0.733,7.55,0.228,6,0
fish (raw),fridge,7,2.8,0.746,10.0,0.139,2,1
milk,fridge,1,2.8,0.874,7.68,0.547,5,0
banana,fridge,3,5.3,0.528,7.21,0.861,5,0
packaged snacks,freezer,5,-18.4,0.0,1.0,0.209,316,0
eggs,fridge,1,4.6,0.224,2.41,0.185,26,0
leafy greens,pantry,1,20.4,0.854,8.81,0.208,3,0
fish (raw),fridge,1,5.1,0.626,9.38,0.878,2,0
citrus,freezer,9,-17.8,0.328,3.39,0.093,51,0
yogurt,pantry,7,23.3,0.732,5.79,0.768,6,0
apple,freezer,3,-18.4,0.496,2.82,0.224,71,0
tomato,fridge,4,4.2,0.708,7.23,0.484,6,0
fish (raw),fridge,1,5.8,0.634,8.8,0.889,1,0
root vegetables,freezer,4,-17.4,0.229,3.41,0.884,71,0
leafy greens,pantry,1,23.1,0.789,8.87,0.55,4,0
bread,fridge,4,4.1,0.281,7.05,0.646,5,0
packaged snacks,pantry,2,21.7,0.003,1.0,0.453,50,0
berries,fridge,2,5.5,0.872,8.7,0.72,6,0
rice (cooked),pantry,1,22.8,0.445,7.1,0.284,2,1
cooked leftovers,pantry,1,22.7,0.602,9.09,0.799,2,0
berries,freezer,1,-16.6,0.807,8.89,0.48,17,1
milk,fridge,4,6.8,0.918,7.77,0.472,8,0
rice (cooked),fridge,1,4.8,0.551,7.24,0.286,4,1
cheese,fridge,2,4.2,0.359,3.45,0.827,18,0
root vegetables,pantry,4,23.9,0.246,2.83,0.866,9,0
bread,fridge,7,4.6,0.347,7.6,0.45,4,0
tomato,fridge,3,1.6,0.665,6.74,0.507,6,1
milk,freezer,4,-16.4,0.829,7.84,0.311,25,1
eggs,fridge,4,4.9,0.101,1.63,0.684,27,0
rice (cooked),pantry,2,23.1,0.588,6.34,0.613,2,0
leafy greens,fridge,1,3.9,0.82,8.96,0.293,5,1
cooked leftovers,fridge,1,4.0,0.574,9.01,0.538,4,0
citrus,fridge,3,2.5,0.388,3.64,0.123,15,1
fish (raw),freezer,1,-18.0,0.735,10.0,0.64,7,1
apple,fridge,4,3.5,0.351,3.95,0.208,17,0
bread,fridge,6,5.7,0.314,6.69,0.652,4,0
eggs,fridge,4,3.1,0.101,1.43,0.319,26,1
cheese,fridge,1,3.3,0.292,4.1,0.602,22,0
tomato,fridge,5,4.8,0.706,6.91,0.575,7,0
packaged snacks,pantry,3,22.3,0.0,1.0,0.786,64,0
eggs,fridge,1,2.8,0.049,2.16,0.496,37,0
banana,freezer,5,-19.5,0.6,9.37,0.299,18,1
banana,freezer,3,-18.3,0.505,8.08,0.632,17,0
root vegetables,fridge,4,3.8,0.257,2.78,0.686,24,0
cheese,fridge,2,4.2,0.293,1.79,0.216,20,1
apple,fridge,2,2.1,0.495,4.55,0.227,22,0
apple,fridge,1,1.4,0.457,4.26,0.868,21,0
cheese,freezer,3,-17.5,0.37,3.66,0.161,73,1
chicken (raw),fridge,1,4.6,0.555,10.0,0.587,1,1
cheese,fridge,3,0.0,0.423,3.25,0.227,19,1
apple,freezer,7,-17.6,0.474,4.08,0.171,71,0
yogurt,fridge,3,4.6,0.828,5.65,0.796,10,0
cooked leftovers,fridge,1,3.8,0.535,8.66,0.918,4,0
cooked leftovers,fridge,3,2.0,0.595,8.73,0.796,3,0
rice (cooked),fridge,5,4.0,0.494,6.59,0.243,4,1
leafy greens,pantry,2,19.7,0.784,8.59,0.235,3,0
citrus,freezer,2,-16.2,0.339,4.81,0.226,50,1
milk,fridge,2,3.9,0.985,7.33,0.872,8,0
tomato,fridge,4,4.0,0.714,7.03,0.553,7,0
fish (raw),freezer,4,-18.3,0.628,9.86,0.347,7,0
apple,fridge,2,2.5,0.465,3.96,0.521,22,0
tomato,fridge,2,5.5,0.721,6.8,0.521,7,0
citrus,fridge,3,5.4,0.396,4.53,0.815,15,0
rice (cooked),freezer,2,-18.4,0.603,6.57,0.943,13,0
cooked leftovers,freezer,3,-17.1,0.586,9.67,0.829,10,0
packaged snacks,freezer,5,-19.6,0.132,1.19,0.608,326,0
eggs,fridge,3,4.4,0.22,2.94,0.407,32,1
root vegetables,fridge,4,2.1,0.306,2.78,0.533,20,0
root vegetables,fridge,1,5.9,0.207,2.82,0.253,22,1
root vegetables,fridge,1,6.1,0.328,3.05,0.479,21,0
leafy greens,pantry,5,23.2,0.856,9.43,0.55,2,0
packaged snacks,pantry,3,22.0,0.035,1.57,0.488,55,0
milk,fridge,4,-0.7,0.944,8.31,0.38,6,1
apple,pantry,4,21.0,0.478,3.57,0.694,14,0
yogurt,fridge,6,4.0,0.79,6.45,0.212,10,0
milk,freezer,4,-17.2,0.865,8.52,0.813,25,0
milk,fridge,1,3.1,0.984,7.69,0.524,7,0
bread,fridge,1,4.2,0.344,6.59,0.572,6,0
banana,pantry,1,19.1,0.517,8.13,0.779,3,0
citrus,freezer,4,-18.8,0.419,3.92,0.768,50,0
citrus,fridge,1,6.3,0.391,4.2,0.283,15,0
berries,pantry,5,22.0,0.782,9.51,0.257,3,0
cheese,fridge,2,1.6,0.313,2.8,0.427,19,0
packaged snacks,pantry,5,20.9,0.07,1.24,0.962,44,0
berries,fridge,1,4.5,0.825,8.9,0.81,5,0
leafy greens,fridge,6,2.9,0.85,8.71,0.566,5,0
banana,fridge,4,3.7,0.504,8.17,0.916,5,0
tomato,fridge,1,4.8,0.717,6.91,0.532,8,0
apple,pantry,4,23.6,0.54,4.16,0.91,10,0
cheese,freezer,2,-18.7,0.396,2.96,0.895,73,0
packaged snacks,pantry,1,23.1,0.095,1.0,0.462,56,1
bread,fridge,1,5.1,0.278,7.36,0.566,6,0
tomato,fridge,3,2.1,0.731,6.54,0.499,8,0
cheese,freezer,3,-17.9,0.398,2.97,0.459,72,0
bread,freezer,2,-17.9,0.221,6.51,0.773,19,0
cooked leftovers,fridge,2,4.6,0.583,9.16,0.844,3,0
eggs,pantry,5,21.1,0.223,2.53,0.46,15,0
cooked leftovers,pantry,3,24.4,0.642,9.51,0.482,2,0
root vegetables,fridge,2,3.2,0.252,2.95,0.866,17,0
chicken (raw),freezer,3,-16.9,0.65,10.0,0.427,7,0
packaged snacks,pantry,1,20.7,0.056,1.0,0.54,57,1
cheese,fridge,2,5.3,0.313,3.76,0.537,22,0
rice (cooked),freezer,2,-20.4,0.546,7.43,0.948,13,0
chicken (raw),freezer,1,-18.9,0.677,9.53,0.669,7,1
fish (raw),fridge,2,1.6,0.696,9.77,0.783,2,0
cooked leftovers,pantry,1,21.3,0.538,9.21,0.432,2,0
tomato,pantry,6,20.2,0.733,6.16,0.803,4,0
berries,pantry,2,24.2,0.848,9.23,0.73,2,0
apple,pantry,5,22.7,0.454,3.32,0.387,12,0
fish (raw),freezer,4,-17.8,0.712,10.0,0.611,7,0
milk,fridge,6,0.5,0.828,8.79,0.358,9,1
cooked leftovers,fridge,2,4.2,0.566,8.47,0.516,3,0
packaged snacks,pantry,1,23.4,0.02,1.0,0.591,50,0
packaged snacks,pantry,1,21.7,0.122,1.37,0.614,29,0
root vegetables,pantry,6,24.5,0.247,2.82,0.474,8,0
leafy greens,fridge,1,2.4,0.895,9.73,0.886,4,0
root vegetables,pantry,4,23.4,0.285,2.66,0.219,13,1
banana,fridge,2,1.9,0.441,7.5,0.51,4,0
cheese,fridge,2,5.4,0.264,2.37,0.957,20,0
bread,fridge,4,3.6,0.367,7.66,0.255,5,0
root vegetables,fridge,2,2.3,0.255,3.18,0.781,19,0
leafy greens,fridge,4,2.9,0.919,8.93,0.559,5,0
bread,freezer,1,-18.0,0.327,7.21,0.661,17,0
yogurt,fridge,3,0.7,0.725,5.96,0.488,10,1
packaged snacks,pantry,5,23.8,0.0,1.0,0.203,60,1
eggs,pantry,4,22.5,0.111,1.04,0.642,20,0
rice (cooked),freezer,2,-18.2,0.551,6.81,0.547,14,0
citrus,pantry,4,23.2,0.479,3.65,0.609,6,0
bread,pantry,4,24.0,0.307,6.63,0.483,4,0
bread,fridge,2,5.3,0.331,6.66,0.625,5,0
tomato,freezer,2,-18.9,0.671,7.53,0.913,25,0
banana,fridge,1,2.4,0.514,8.07,0.459,4,0
leafy greens,fridge,2,3.6,0.918,8.47,0.843,5,0
eggs,pantry,4,24.2,0.21,2.53,0.921,17,0
berries,fridge,4,4.4,0.828,9.0,0.474,5,0
banana,fridge,1,2.1,0.489,8.3,0.558,5,0
packaged snacks,pantry,2,25.1,0.13,1.0,0.275,49,0
yogurt,fridge,2,4.2,0.724,5.99,0.553,8,0
banana,freezer,1,-18.4,0.472,8.59,0.441,17,0
banana,fridge,4,4.2,0.573,7.84,0.542,6,0
eggs,pantry,1,22.2,0.357,1.16,0.485,12,0
eggs,pantry,3,22.8,0.197,2.42,0.248,14,0
apple,fridge,4,3.6,0.523,3.89,0.474,20,0
eggs,fridge,5,2.4,0.24,2.59,0.209,35,1
tomato,fridge,5,3.3,0.681,6.6,0.621,7,0
yogurt,freezer,3,-18.9,0.695,6.19,0.569,35,0
berries,fridge,4,2.9,0.794,8.2,0.29,5,0
cheese,fridge,4,4.9,0.445,2.37,0.842,15,0
tomato,freezer,1,-14.8,0.716,6.9,0.603,25,0
root vegetables,fridge,2,6.9,0.255,1.9,0.541,25,0
apple,pantry,3,23.7,0.383,3.54,0.117,12,1
bread,fridge,3,3.6,0.265,7.27,0.571,5,0
fish (raw),fridge,1,1.0,0.608,9.97,0.753,2,0
milk,fridge,4,3.9,0.86,6.93,0.269,8,1
milk,fridge,2,5.9,0.992,7.78,0.569,8,0
tomato,freezer,6,-18.5,0.817,7.27,0.213,25,1
packaged snacks,pantry,2,23.0,0.055,1.0,0.165,56,1
eggs,freezer,2,-16.9,0.252,2.79,0.335,95,0
cheese,freezer,4,-17.9,0.409,3.61,0.757,74,0
tomato,fridge,1,2.2,0.638,6.79,0.996,7,0
cooked leftovers,fridge,1,2.1,0.659,8.85,0.631,3,0
root vegetables,pantry,1,22.2,0.301,3.82,0.22,9,0
root vegetables,freezer,6,-15.3,0.301,3.0,0.543,76,0
fish (raw),fridge,3,2.7,0.651,10.0,0.605,2,0
root vegetables,fridge,3,2.3,0.213,2.35,0.527,24,0
cooked leftovers,fridge,1,1.9,0.578,8.76,0.73,4,0
citrus,fridge,4,3.3,0.385,4.29,0.253,13,0
berries,fridge,5,4.7,0.741,9.15,0.686,5,0
yogurt,fridge,3,3.8,0.764,5.21,0.644,8,0
berries,fridge,1,1.9,0.82,9.46,0.502,4,0
apple,fridge,4,1.5,0.462,3.81,0.884,21,0
berries,fridge,6,5.4,0.802,8.95,0.301,5,1
leafy greens,freezer,6,-15.9,0.858,8.98,0.368,18,1
packaged snacks,fridge,1,5.5,0.063,1.0,0.206,97,1
milk,fridge,2,4.7,0.924,7.95,0.84,7,0
fish (raw),fridge,3,3.9,0.678,9.65,0.188,2,1
eggs,fridge,5,3.8,0.198,1.91,0.761,28,0
chicken (raw),pantry,2,23.4,0.629,9.9,0.879,1,0
chicken (raw),fridge,2,3.2,0.602,10.0,0.646,2,0
fish (raw),fridge,2,6.4,0.616,9.44,0.157,2,1
berries,fridge,2,4.4,0.779,8.95,0.307,6,1
cooked leftovers,fridge,1,4.5,0.568,9.23,0.557,2,0
tomato,fridge,4,0.4,0.705,7.05,0.803,8,0
root vegetables,pantry,3,22.6,0.246,3.46,0.765,13,0
yogurt,freezer,4,-18.3,0.684,5.96,0.65,34,1
yogurt,freezer,1,-20.3,0.77,4.96,0.146,33,1
fish (raw),fridge,2,4.0,0.659,9.63,0.314,2,1
milk,fridge,2,3.1,0.946,7.57,0.843,7,0
banana,fridge,4,2.7,0.496,7.98,0.611,5,0
apple,pantry,4,22.1,0.369,4.42,0.284,14,1
yogurt,fridge,1,-0.9,0.747,5.71,0.564,10,0
apple,pantry,7,25.3,0.418,3.93,0.58,12,0
leafy greens,fridge,2,4.5,0.842,8.67,0.128,6,1
rice (cooked),fridge,2,1.7,0.59,7.24,0.204,3,1
banana,fridge,3,4.4,0.546,8.05,0.562,5,0
cooked leftovers,fridge,2,3.7,0.594,8.41,0.783,3,0
citrus,fridge,2,3.2,0.402,3.82,0.927,16,0
apple,fridge,3,0.7,0.446,4.02,0.551,21,0
root vegetables,fridge,2,1.7,0.305,3.19,0.583,24,0
packaged snacks,pantry,4,23.4,0.018,1.05,0.529,31,0
berries,pantry,4,22.2,0.864,8.13,0.493,2,0
fish (raw),fridge,3,1.9,0.729,10.0,0.528,2,0
eggs,pantry,3,24.3,0.184,1.5,0.859,16,0
cheese,fridge,2,5.3,0.405,3.1,0.261,26,1
milk,freezer,5,-16.9,0.879,8.14,0.49,24,0
milk,freezer,4,-15.7,0.941,7.46,0.67,23,0
banana,fridge,4,6.1,0.481,7.4,0.773,5,0
berries,fridge,2,5.1,0.75,8.93,0.447,6,0
leafy greens,pantry,4,20.9,0.904,9.03,0.542,3,1
tomato,fridge,1,4.4,0.729,7.05,0.449,7,0
packaged snacks,pantry,2,22.1,0.005,1.0,0.486,51,0
berries,pantry,2,21.2,0.718,9.06,0.359,2,1
chicken (raw),freezer,3,-17.9,0.643,10.0,0.718,7,0
berries,fridge,3,5.4,0.863,10.0,0.663,5,0
packaged snacks,pantry,2,22.1,0.005,1.0,0.279,31,1
milk,fridge,3,2.7,0.971,7.31,0.891,8,0
root vegetables,freezer,4,-15.3,0.282,4.03,0.453,76,0
citrus,fridge,2,4.4,0.308,3.86,0.251,15,1
apple,freezer,1,-18.6,0.454,4.71,0.995,70,0
bread,fridge,3,3.6,0.401,6.66,0.672,5,0
tomato,fridge,3,2.9,0.633,7.69,0.536,8,0
cooked leftovers,pantry,1,22.2,0.541,9.37,0.865,1,0
rice (cooked),pantry,1,24.0,0.519,7.14,0.294,2,0
leafy greens,freezer,2,-19.6,0.825,9.65,0.423,17,0
apple,pantry,1,23.8,0.487,4.79,0.392,11,1
cooked leftovers,pantry,3,24.4,0.598,8.78,0.688,2,0
cooked leftovers,pantry,1,25.3,0.699,8.12,0.812,2,0
fish (raw),fridge,1,5.4,0.675,9.84,0.338,2,0
milk,fridge,1,2.2,0.963,7.78,0.663,7,0
leafy greens,freezer,1,-17.6,0.811,8.93,0.896,17,0
eggs,pantry,2,22.1,0.18,2.42,0.113,14,0
packaged snacks,freezer,1,-18.8,0.073,1.79,0.548,312,0
rice (cooked),pantry,2,24.6,0.584,6.91,0.821,2,0
citrus,fridge,1,4.6,0.444,4.01,0.516,12,0
root vegetables,pantry,3,23.1,0.307,3.6,0.256,10,0
bread,fridge,4,5.6,0.281,6.29,0.471,5,0
leafy greens,pantry,2,22.6,0.874,7.95,0.691,3,0
tomato,fridge,2,2.5,0.695,7.36,0.81,7,0
apple,fridge,2,5.3,0.433,4.5,0.565,16,0
rice (cooked),pantry,2,22.4,0.564,7.21,0.845,3,0
chicken (raw),fridge,2,3.5,0.633,8.99,0.587,2,0
yogurt,fridge,3,2.1,0.757,5.04,0.572,11,0
eggs,fridge,4,3.1,0.244,2.62,0.521,28,0
berries,pantry,2,23.9,0.82,9.9,0.561,2,0
tomato,pantry,3,24.6,0.754,6.49,0.55,4,0
citrus,fridge,3,4.6,0.362,3.35,0.235,16,1
packaged snacks,pantry,4,23.5,0.056,1.32,0.557,42,0
berries,pantry,4,21.4,0.8,9.11,0.591,3,0
banana,fridge,2,6.6,0.591,8.19,0.778,5,0
rice (cooked),fridge,1,3.0,0.588,6.41,0.57,3,0
tomato,fridge,3,4.8,0.792,8.34,0.926,6,0
bread,fridge,1,3.1,0.319,8.19,0.547,5,0
apple,fridge,3,3.3,0.509,4.13,0.837,17,0
packaged snacks,pantry,1,21.4,0.089,1.0,0.579,70,0
tomato,fridge,6,4.5,0.797,5.85,0.627,8,0
cooked leftovers,pantry,5,21.2,0.666,8.85,0.299,3,1
tomato,fridge,4,5.2,0.728,7.06,0.901,5,0
root vegetables,pantry,3,23.7,0.25,3.37,0.879,12,0
cheese,freezer,1,-15.9,0.308,3.25,0.217,71,1
yogurt,fridge,1,2.6,0.76,6.0,0.187,10,1
milk,fridge,3,5.8,0.942,7.32,0.855,6,0
cheese,freezer,1,-18.2,0.251,2.72,0.454,77,0
tomato,fridge,7,5.5,0.786,7.89,0.64,6,0
root vegetables,pantry,5,19.9,0.273,3.01,0.882,10,0
root vegetables,pantry,5,22.5,0.273,2.9,0.473,10,0
chicken (raw),fridge,2,5.6,0.694,10.0,0.485,2,0
yogurt,fridge,3,3.0,0.904,5.31,0.681,10,0
banana,fridge,5,3.0,0.51,7.3,0.28,5,0
rice (cooked),fridge,2,1.5,0.651,7.29,0.2,5,0
banana,fridge,4,3.4,0.583,8.32,0.53,5,0
root vegetables,fridge,5,3.0,0.189,3.47,0.796,22,0
milk,freezer,6,-15.5,0.822,8.46,0.488,24,0
apple,fridge,1,4.4,0.432,4.03,0.511,25,0
citrus,fridge,5,3.0,0.405,4.06,0.395,13,0
tomato,fridge,2,3.5,0.674,6.48,0.295,7,1
yogurt,fridge,2,4.0,0.7,6.37,0.547,12,0
chicken (raw),fridge,7,3.6,0.678,9.78,0.912,2,0
rice (cooked),fridge,7,2.2,0.567,7.93,0.552,5,0
milk,freezer,6,-19.0,0.824,7.1,0.522,24,0
berries,fridge,2,5.7,0.808,8.91,0.536,4,0
fish (raw),fridge,1,4.9,0.714,10.0,0.098,2,0
chicken (raw),fridge,2,2.5,0.565,9.93,0.823,2,0
citrus,fridge,3,3.0,0.376,4.57,0.761,16,0
cheese,fridge,4,3.6,0.29,3.62,0.605,24,0
banana,fridge,2,3.9,0.518,7.59,0.569,5,0
leafy greens,freezer,4,-19.7,0.869,8.96,0.545,18,0
cooked leftovers,pantry,2,26.7,0.602,9.15,0.243,2,0
eggs,pantry,1,22.4,0.166,1.43,0.793,9,0
tomato,freezer,4,-16.6,0.741,7.75,0.198,25,0
yogurt,freezer,4,-19.3,0.735,7.45,0.818,37,0
chicken (raw),fridge,2,2.2,0.677,10.0,0.794,2,0
cheese,fridge,4,3.3,0.337,2.91,0.537,18,0
tomato,fridge,1,5.1,0.826,6.34,0.518,6,0
cheese,fridge,5,4.6,0.346,3.54,0.591,19,0
banana,pantry,1,21.1,0.495,7.99,0.628,2,0
banana,freezer,1,-17.9,0.543,8.68,0.232,18,1
apple,fridge,4,3.2,0.527,4.23,0.295,24,1
eggs,fridge,2,4.8,0.27,2.23,0.597,27,1
chicken (raw),fridge,2,3.8,0.731,10.0,0.263,2,1
yogurt,fridge,4,5.4,0.755,5.83,0.625,10,1
chicken (raw),freezer,5,-18.2,0.664,10.0,0.507,7,0
rice (cooked),fridge,3,1.6,0.501,6.74,0.756,4,0
banana,pantry,3,20.5,0.596,7.62,0.58,2,0
eggs,fridge,6,2.7,0.168,1.67,0.511,28,0
citrus,pantry,1,23.4,0.402,3.5,0.859,11,0
apple,pantry,5,21.9,0.473,4.23,0.65,9,0
banana,pantry,3,22.3,0.493,8.13,0.918,3,0
tomato,fridge,3,1.0,0.626,7.31,0.526,6,0
cooked leftovers,fridge,1,4.8,0.681,8.75,0.406,3,0
yogurt,freezer,2,-18.1,0.711,5.16,0.458,33,0
berries,pantry,4,23.8,0.839,9.22,0.84,3,0
berries,fridge,3,5.7,0.852,10.0,0.882,6,0
banana,pantry,4,24.3,0.52,7.63,0.89,3,0
citrus,fridge,4,3.4,0.398,4.11,0.287,12,0
leafy greens,fridge,4,2.3,0.923,9.07,0.221,4,1
packaged snacks,pantry,3,22.0,0.028,1.0,0.795,65,0
eggs,pantry,1,24.2,0.214,2.71,0.379,17,0
berries,fridge,2,4.7,0.883,8.85,0.965,6,0
yogurt,fridge,6,2.3,0.745,6.45,0.766,9,0
cheese,freezer,6,-19.4,0.394,3.41,0.752,77,0
apple,freezer,4,-20.6,0.41,4.41,0.263,71,0
packaged snacks,pantry,2,20.3,0.075,1.12,0.759,34,0
rice (cooked),fridge,3,1.8,0.549,7.42,0.558,4,0
leafy greens,freezer,3,-16.8,0.833,8.8,0.856,18,0
citrus,pantry,1,22.3,0.403,4.96,0.766,7,0
apple,freezer,2,-17.6,0.495,2.84,0.442,74,0
milk,fridge,2,2.6,0.935,7.97,0.143,7,0
chicken (raw),fridge,3,5.2,0.717,9.97,0.878,2,0
milk,freezer,3,-16.6,0.952,7.47,0.374,24,0
leafy greens,freezer,3,-19.7,0.928,9.97,0.195,18,1
bread,fridge,1,1.7,0.333,6.33,0.481,5,0
cheese,fridge,3,3.4,0.285,3.27,0.297,19,0
berries,pantry,1,24.2,0.725,8.5,0.576,3,0
eggs,freezer,3,-16.4,0.205,2.24,0.572,89,0
leafy greens,fridge,1,4.1,0.883,9.06,0.689,5,0
bread,freezer,3,-17.5,0.319,6.41,0.573,18,0
milk,freezer,3,-20.5,0.869,8.27,0.827,24,0
chicken (raw),fridge,4,7.4,0.71,10.0,0.192,2,1
bread,fridge,1,0.9,0.333,6.43,0.873,6,0
packaged snacks,pantry,4,20.6,0.141,1.0,0.357,48,1
cheese,fridge,1,1.5,0.381,3.34,0.181,23,1
bread,pantry,8,22.8,0.253,6.82,0.839,2,0
eggs,fridge,4,5.3,0.272,2.69,0.754,31,0
eggs,pantry,5,23.9,0.239,3.65,0.576,15,1
packaged snacks,pantry,5,21.6,0.049,1.0,0.898,54,0
apple,fridge,5,4.5,0.445,3.85,0.554,19,0
bread,fridge,1,4.9,0.339,6.92,0.606,4,0
tomato,pantry,6,23.6,0.739,7.36,0.931,4,0
tomato,freezer,3,-16.8,0.748,6.11,0.811,25,0
milk,fridge,3,2.8,0.91,8.32,0.581,7,0
berries,fridge,3,3.3,0.822,8.94,0.606,6,0
yogurt,fridge,3,5.3,0.686,6.57,0.818,9,0
bread,pantry,8,23.6,0.216,7.27,0.211,3,0
tomato,fridge,4,4.9,0.701,6.91,0.81,5,0
chicken (raw),freezer,3,-20.5,0.681,9.21,0.556,7,1
root vegetables,fridge,3,4.4,0.215,3.19,0.82,17,0
citrus,fridge,1,4.9,0.411,4.02,0.888,12,0
berries,pantry,2,25.3,0.777,8.7,0.879,3,0
milk,pantry,3,22.7,0.868,8.45,0.624,4,0
banana,fridge,1,4.4,0.564,8.51,0.876,6,0
cooked leftovers,pantry,2,22.6,0.606,8.87,0.515,2,0
packaged snacks,pantry,2,24.8,0.002,1.73,0.576,56,0
milk,fridge,4,7.2,0.847,8.14,0.298,6,1
citrus,fridge,2,3.1,0.418,3.0,0.183,14,1
chicken (raw),freezer,3,-19.0,0.603,10.0,0.801,6,0
rice (cooked),fridge,3,5.4,0.543,6.79,0.609,4,0
apple,fridge,3,4.6,0.41,4.55,0.653,16,0
banana,pantry,2,23.2,0.633,8.48,1.0,2,0
packaged snacks,fridge,7,4.7,0.024,1.0,0.303,77,1
citrus,fridge,1,6.0,0.521,3.85,0.588,18,0
yogurt,fridge,4,4.2,0.767,7.04,0.884,8,0
bread,fridge,3,3.6,0.323,6.3,0.618,4,0
chicken (raw),fridge,1,6.7,0.637,10.0,0.566,2,0
leafy greens,pantry,4,24.8,0.891,9.02,0.785,2,0
leafy greens,pantry,8,27.8,0.947,9.07,0.693,4,0
cooked leftovers,fridge,6,7.0,0.633,9.26,0.201,3,1
root vegetables,fridge,6,3.6,0.275,3.34,0.844,19,0
yogurt,freezer,2,-18.7,0.802,5.56,0.75,33,0
milk,freezer,5,-15.8,0.881,8.58,0.953,24,0
cooked leftovers,fridge,1,5.6,0.642,8.35,0.851,3,0
apple,freezer,7,-16.9,0.581,4.18,0.588,69,0
cheese,fridge,1,4.5,0.402,3.31,0.497,23,0
bread,pantry,3,25.1,0.318,6.68,0.841,3,0
citrus,fridge,6,5.0,0.328,4.25,0.282,13,1
milk,freezer,2,-17.5,0.816,7.99,0.24,25,1
packaged snacks,pantry,2,24.6,0.11,1.36,0.332,59,0
yogurt,fridge,2,2.6,0.736,5.86,0.162,10,1
milk,fridge,1,6.7,0.882,7.78,0.553,8,0
milk,fridge,1,0.4,0.963,7.72,0.776,7,0
chicken (raw),fridge,3,2.7,0.677,10.0,0.583,2,1
rice (cooked),freezer,1,-13.9,0.565,6.37,0.805,14,0
citrus,fridge,5,3.3,0.339,3.55,0.913,15,0
fish (raw),freezer,5,-17.4,0.753,10.0,0.504,7,0
cooked leftovers,fridge,5,3.9,0.622,9.08,0.685,3,0
leafy greens,pantry,2,24.3,0.858,8.06,0.558,3,0
bread,fridge,1,4.4,0.257,7.57,0.533,4,0
leafy greens,pantry,3,23.7,0.96,8.71,0.342,3,0
packaged snacks,pantry,2,20.8,0.021,1.75,0.467,52,0
root vegetables,pantry,3,21.8,0.259,2.3,0.685,7,0
fish (raw),freezer,4,-18.9,0.725,10.0,0.536,7,0
packaged snacks,pantry,2,24.2,0.0,1.6,0.362,46,1
milk,fridge,3,5.7,0.846,8.1,0.462,7,1
bread,freezer,4,-17.7,0.376,7.48,0.274,17,0
milk,freezer,2,-15.6,0.992,7.97,0.626,24,0
yogurt,fridge,6,4.4,0.763,6.27,0.594,10,0
cheese,fridge,3,3.0,0.39,3.69,0.617,21,0
rice (cooked),fridge,5,4.2,0.547,6.02,0.609,4,1
citrus,fridge,5,3.2,0.407,3.82,0.928,14,0
rice (cooked),fridge,4,1.5,0.507,7.1,0.165,4,0
cooked leftovers,fridge,2,5.1,0.564,9.22,0.345,3,1
cheese,fridge,1,3.2,0.31,2.59,0.584,22,0
citrus,fridge,6,4.9,0.463,3.92,0.426,14,0
berries,pantry,2,26.0,0.763,9.29,0.265,4,0
bread,fridge,1,5.3,0.251,6.6,0.833,5,0
chicken (raw),freezer,1,-21.4,0.677,10.0,0.794,7,0
packaged snacks,pantry,2,21.9,0.028,1.51,0.775,54,0
cooked leftovers,fridge,1,4.0,0.563,9.53,0.523,3,0
chicken (raw),freezer,1,-18.5,0.676,10.0,0.552,7,0
leafy greens,freezer,2,-18.1,0.885,9.21,0.62,17,1
fish (raw),fridge,4,5.9,0.698,9.54,0.255,2,0
chicken (raw),fridge,5,6.4,0.728,9.1,0.757,2,0
chicken (raw),fridge,3,4.0,0.665,9.99,0.815,2,0
cooked leftovers,fridge,4,6.4,0.536,8.77,0.915,3,0
bread,freezer,3,-18.4,0.341,7.25,0.473,17,0
cheese,fridge,5,6.2,0.181,2.96,0.838,21,0
citrus,pantry,1,21.7,0.376,3.4,0.58,7,0
bread,pantry,3,25.2,0.254,6.42,0.145,1,0
berries,fridge,5,3.7,0.765,9.55,0.633,5,0
leafy greens,pantry,3,21.6,0.836,9.51,0.604,4,0
rice (cooked),pantry,4,23.2,0.45,6.87,0.171,1,1
cooked leftovers,pantry,3,24.5,0.58,8.46,0.434,1,0
tomato,freezer,1,-16.3,0.673,6.68,0.596,25,0
packaged snacks,pantry,4,24.4,0.0,1.0,0.266,55,0
citrus,freezer,2,-19.8,0.382,4.48,0.565,49,0
eggs,pantry,2,24.5,0.252,2.17,0.263,15,1
yogurt,fridge,2,3.2,0.7,6.02,0.842,13,0
apple,fridge,3,5.4,0.5,3.42,0.28,23,1
root vegetables,fridge,2,3.6,0.194,2.22,0.256,19,1
root vegetables,freezer,1,-17.2,0.213,1.69,0.493,76,0
packaged snacks,pantry,2,23.3,0.075,1.0,0.52,35,1
yogurt,fridge,2,5.2,0.776,6.14,0.351,10,0
berries,fridge,1,3.2,0.777,8.6,0.519,4,0
root vegetables,pantry,1,25.3,0.243,3.79,0.561,11,0
milk,fridge,4,2.7,0.917,7.69,0.557,7,0
fish (raw),fridge,3,1.3,0.699,9.92,0.886,2,0
rice (cooked),fridge,4,5.3,0.432,7.74,0.938,4,0
cheese,fridge,1,3.5,0.349,3.05,0.492,24,0
cheese,fridge,2,6.2,0.305,2.88,0.841,17,0
eggs,fridge,5,3.1,0.15,1.78,0.395,30,0
fish (raw),pantry,3,22.1,0.629,9.17,0.209,1,0
yogurt,freezer,3,-17.3,0.751,5.47,0.713,35,0
cheese,freezer,7,-17.2,0.48,3.07,0.254,77,1
citrus,pantry,2,24.0,0.281,4.5,0.487,5,0
berries,pantry,4,23.6,0.875,8.8,0.452,3,0
